epoch,time,train/box_loss,train/cls_loss,train/dfl_loss,metrics/precision(B),metrics/recall(B),metrics/mAP50(B),metrics/mAP50-95(B),val/box_loss,val/cls_loss,val/dfl_loss,lr/pg0,lr/pg1,lr/pg2
1,119.56,0.5515,1.68336,0.83889,0.99251,1,0.99257,0.90177,0.39946,2.40618,0.75976,0.00066596,0.00066596,0.00066596
2,234.014,0.51106,1.03154,0.83099,0.9967,0.99765,0.99411,0.90406,0.37602,1.20416,0.73902,0.00131943,0.00131943,0.00131943
3,359.141,0.49788,0.69823,0.82323,0.99752,1,0.99401,0.91249,0.30825,0.71597,0.7307,0.00195971,0.00195971,0.00195971
4,481.566,0.50701,0.54001,0.84157,0.99615,0.99882,0.99498,0.92356,0.31551,0.50373,0.73287,0.0019406,0.0019406,0.0019406
5,604.144,0.48313,0.4264,0.8244,0.99543,1,0.99488,0.9438,0.34357,0.36728,0.7365,0.0019208,0.0019208,0.0019208
6,729.877,0.46713,0.43043,0.81555,0.99618,0.99882,0.99354,0.95219,0.32798,0.3818,0.73035,0.001901,0.001901,0.001901
7,853.829,0.46414,0.38235,0.81743,0.99648,0.9995,0.99403,0.91888,0.38457,0.39025,0.74394,0.0018812,0.0018812,0.0018812
8,966.757,0.44992,0.40906,0.80656,0.99764,0.99615,0.99486,0.94821,0.30334,0.26277,0.72674,0.0018614,0.0018614,0.0018614
9,1089.22,0.43699,0.34317,0.80533,0.99531,0.99852,0.99371,0.90515,0.40093,0.27445,0.74306,0.0018416,0.0018416,0.0018416
10,1209.93,0.42838,0.30916,0.81602,0.99531,0.99901,0.99463,0.93211,0.34905,0.24082,0.73384,0.0018218,0.0018218,0.0018218
11,1342.28,0.4102,0.31001,0.79845,0.99644,1,0.99452,0.91544,0.35613,0.25045,0.73642,0.001802,0.001802,0.001802
12,1470.39,0.43671,0.31084,0.8036,0.99532,0.9999,0.99498,0.9398,0.26388,0.20879,0.72241,0.0017822,0.0017822,0.0017822
13,1591.07,0.39652,0.29286,0.80098,0.99752,0.99765,0.99457,0.94262,0.31029,0.21965,0.72725,0.0017624,0.0017624,0.0017624
14,1713.09,0.39248,0.27784,0.79517,0.99635,0.99882,0.9945,0.96417,0.31099,0.22402,0.72961,0.0017426,0.0017426,0.0017426
15,1841.55,0.37603,0.30377,0.78847,0.99765,0.99876,0.99466,0.95015,0.26402,0.216,0.72112,0.0017228,0.0017228,0.0017228
16,1970.64,0.38658,0.29448,0.79142,0.99525,0.99882,0.99452,0.96752,0.30271,0.23357,0.72667,0.001703,0.001703,0.001703
17,2097.72,0.36708,0.26574,0.77967,0.99531,0.99868,0.99499,0.94711,0.26509,0.20224,0.71741,0.0016832,0.0016832,0.0016832
18,2226.16,0.37428,0.25888,0.78133,0.9975,0.99882,0.99483,0.98013,0.23304,0.16815,0.7151,0.0016634,0.0016634,0.0016634
19,2352.8,0.36195,0.25394,0.78338,0.99634,1,0.99426,0.98234,0.23185,0.19925,0.71162,0.0016436,0.0016436,0.0016436
20,2484.26,0.362,0.2675,0.78956,0.99415,0.99976,0.99476,0.97363,0.20577,0.18021,0.70978,0.0016238,0.0016238,0.0016238
21,2613.81,0.35685,0.26332,0.78906,0.99866,0.99765,0.99451,0.97784,0.23843,0.18435,0.71566,0.001604,0.001604,0.001604
22,2742.67,0.34803,0.25789,0.78737,0.99648,0.99981,0.99462,0.98021,0.19592,0.17256,0.70711,0.0015842,0.0015842,0.0015842
23,2868.83,0.34719,0.26123,0.79161,0.99753,1,0.99499,0.98046,0.23937,0.18552,0.71489,0.0015644,0.0015644,0.0015644
24,2992.75,0.32847,0.23284,0.77796,0.99647,0.99749,0.99499,0.98342,0.1932,0.16648,0.70807,0.0015446,0.0015446,0.0015446
25,3117.46,0.32893,0.23945,0.77573,0.99648,0.99867,0.99496,0.98335,0.21209,0.17112,0.71054,0.0015248,0.0015248,0.0015248
26,3244.41,0.32417,0.24177,0.78172,0.99881,1,0.99441,0.97792,0.22632,0.16545,0.71026,0.001505,0.001505,0.001505
27,3371.38,0.31459,0.23406,0.77064,0.99636,1,0.99474,0.97969,0.19826,0.14325,0.71012,0.0014852,0.0014852,0.0014852
28,3495.1,0.32224,0.23703,0.78562,0.99529,1,0.99445,0.98231,0.21883,0.1619,0.70849,0.0014654,0.0014654,0.0014654
29,3620.42,0.32131,0.25725,0.78159,0.99756,1,0.99462,0.98194,0.21108,0.16557,0.7104,0.0014456,0.0014456,0.0014456
30,3749.64,0.31225,0.24075,0.77091,0.99811,0.99765,0.99492,0.97894,0.22742,0.16931,0.71075,0.0014258,0.0014258,0.0014258
31,3873.67,0.33256,0.2433,0.78929,0.99455,0.99882,0.995,0.98187,0.18492,0.17103,0.70459,0.001406,0.001406,0.001406
32,3995.2,0.31975,0.22739,0.77162,0.99882,0.99942,0.99499,0.97244,0.23953,0.1742,0.71137,0.0013862,0.0013862,0.0013862
33,4122.17,0.29918,0.21699,0.77358,0.99532,0.99999,0.995,0.97842,0.22168,0.17061,0.70979,0.0013664,0.0013664,0.0013664
34,4246.91,0.30068,0.22663,0.76634,0.99647,1,0.99488,0.98765,0.18849,0.15158,0.70636,0.0013466,0.0013466,0.0013466
35,4372.62,0.29376,0.23418,0.77905,0.99648,0.9999,0.99489,0.97884,0.1989,0.15473,0.70671,0.0013268,0.0013268,0.0013268
36,4499.68,0.29595,0.22901,0.76668,0.99522,1,0.99489,0.98551,0.1675,0.14364,0.70227,0.001307,0.001307,0.001307
37,4630.65,0.29566,0.21778,0.7728,0.9959,1,0.99499,0.98927,0.1733,0.17161,0.70342,0.0012872,0.0012872,0.0012872
38,4758.36,0.29268,0.21372,0.77469,0.99765,0.99988,0.99488,0.97921,0.17923,0.13616,0.70316,0.0012674,0.0012674,0.0012674
39,4880.74,0.28514,0.22071,0.77052,0.99758,1,0.99446,0.98401,0.18289,0.1432,0.70411,0.0012476,0.0012476,0.0012476
40,5003.81,0.27925,0.19509,0.77943,0.99641,1,0.99494,0.98568,0.15155,0.13955,0.69992,0.0012278,0.0012278,0.0012278
41,5126.12,0.27533,0.2176,0.76846,0.99632,1,0.99496,0.98817,0.19273,0.14387,0.70418,0.001208,0.001208,0.001208
42,5249.02,0.27363,0.22252,0.77022,0.9976,1,0.99476,0.98545,0.17116,0.1566,0.7025,0.0011882,0.0011882,0.0011882
43,5372.96,0.28319,0.21474,0.76707,0.99878,0.99765,0.99499,0.98708,0.14812,0.14047,0.70088,0.0011684,0.0011684,0.0011684
44,5496.7,0.28289,0.2288,0.77597,0.99877,0.99765,0.99499,0.98629,0.1741,0.12276,0.70415,0.0011486,0.0011486,0.0011486
45,5619.91,0.26136,0.20273,0.7699,0.99762,1,0.995,0.98858,0.16775,0.12481,0.70277,0.0011288,0.0011288,0.0011288
46,5743.31,0.26705,0.21266,0.7665,0.99648,0.9997,0.995,0.98625,0.16827,0.14392,0.70291,0.001109,0.001109,0.001109
47,5868.21,0.26236,0.21391,0.76218,0.99765,0.99962,0.995,0.98552,0.16834,0.13859,0.70095,0.0010892,0.0010892,0.0010892
48,5992.37,0.26175,0.19042,0.76796,0.9985,1,0.995,0.98851,0.15416,0.1299,0.70286,0.0010694,0.0010694,0.0010694
49,6120.79,0.26401,0.19512,0.77371,0.99765,0.9996,0.995,0.99165,0.14685,0.10976,0.70116,0.0010496,0.0010496,0.0010496
50,6247.07,0.25854,0.19331,0.75318,0.99765,0.99986,0.99469,0.98659,0.16838,0.14028,0.70332,0.0010298,0.0010298,0.0010298
51,6372.32,0.27199,0.2066,0.76716,0.99749,0.99647,0.995,0.9901,0.15344,0.14517,0.70148,0.00101,0.00101,0.00101
52,6495.91,0.25765,0.19134,0.75808,0.99882,0.99988,0.99499,0.9906,0.13465,0.13263,0.69991,0.0009902,0.0009902,0.0009902
53,6626.7,0.2542,0.19144,0.76399,0.99882,0.99878,0.995,0.99019,0.14384,0.11464,0.70054,0.0009704,0.0009704,0.0009704
54,6753.8,0.25306,0.18509,0.77237,0.99882,0.99993,0.995,0.98975,0.14659,0.1188,0.70111,0.0009506,0.0009506,0.0009506
55,6875.47,0.25058,0.21574,0.77564,0.99671,0.99882,0.99491,0.98651,0.15463,0.11863,0.70231,0.0009308,0.0009308,0.0009308
56,6985.45,0.24936,0.18357,0.76544,0.99641,0.99882,0.99493,0.98701,0.15885,0.11928,0.70243,0.000911,0.000911,0.000911
57,7094.74,0.23972,0.1739,0.76188,0.99765,0.99992,0.99499,0.98795,0.13332,0.09877,0.69885,0.0008912,0.0008912,0.0008912
58,7203.76,0.23639,0.17596,0.75158,0.99765,0.99974,0.99499,0.98784,0.1712,0.13222,0.70257,0.0008714,0.0008714,0.0008714
59,7312.76,0.23704,0.17294,0.76214,0.99874,0.99882,0.99496,0.98602,0.1538,0.12325,0.70171,0.0008516,0.0008516,0.0008516
60,7421.73,0.22302,0.17509,0.75844,0.99643,1,0.99428,0.98763,0.15886,0.12748,0.70098,0.0008318,0.0008318,0.0008318
61,7530.93,0.23071,0.17348,0.76335,0.99532,0.99999,0.99462,0.98929,0.14307,0.11232,0.69907,0.000812,0.000812,0.000812
62,7639.68,0.22991,0.17282,0.75646,0.99648,0.99917,0.99463,0.98785,0.14097,0.11804,0.69963,0.0007922,0.0007922,0.0007922
63,7748.63,0.2276,0.16723,0.76006,0.99727,0.99882,0.99475,0.98932,0.1422,0.11895,0.69908,0.0007724,0.0007724,0.0007724
64,7857.89,0.23014,0.16504,0.7667,0.99875,1,0.99402,0.9871,0.13487,0.10138,0.69914,0.0007526,0.0007526,0.0007526
65,7966.83,0.22354,0.16915,0.76105,0.9964,1,0.99407,0.98854,0.13117,0.10986,0.69881,0.0007328,0.0007328,0.0007328
66,8075.72,0.22146,0.18683,0.76182,0.99882,0.99976,0.99493,0.98678,0.13513,0.12224,0.69871,0.000713,0.000713,0.000713
67,8184.67,0.22212,0.18932,0.76337,0.99882,0.99875,0.99491,0.98725,0.14017,0.1199,0.69911,0.0006932,0.0006932,0.0006932
68,8293.57,0.21838,0.17407,0.76505,0.99765,0.99983,0.99499,0.98987,0.13281,0.10555,0.69909,0.0006734,0.0006734,0.0006734
69,8402.36,0.21063,0.16842,0.75115,0.99882,0.99762,0.995,0.98865,0.14097,0.12196,0.6991,0.0006536,0.0006536,0.0006536
70,8511.14,0.21217,0.15957,0.75318,0.99882,0.99867,0.99434,0.99032,0.12505,0.10067,0.69823,0.0006338,0.0006338,0.0006338
71,8620.65,0.22409,0.15811,0.7684,0.99641,1,0.99498,0.98808,0.1381,0.11181,0.69813,0.000614,0.000614,0.000614
72,8738.62,0.21492,0.1806,0.75077,0.99863,0.99647,0.99395,0.98599,0.13869,0.10816,0.69928,0.0005942,0.0005942,0.0005942
73,8855.5,0.20535,0.16888,0.75628,0.99882,0.99868,0.99422,0.98939,0.12813,0.1028,0.69739,0.0005744,0.0005744,0.0005744
74,8965.53,0.2074,0.16665,0.753,0.99738,0.99882,0.99499,0.98824,0.12303,0.09847,0.69684,0.0005546,0.0005546,0.0005546
75,9089.07,0.20151,0.14884,0.7563,0.99765,0.99987,0.99431,0.98812,0.12026,0.09583,0.69619,0.0005348,0.0005348,0.0005348
76,9217.02,0.1987,0.14336,0.76397,0.99765,0.99989,0.99488,0.99024,0.12599,0.09896,0.69699,0.000515,0.000515,0.000515
77,9337.45,0.19435,0.14298,0.75705,0.99765,0.99995,0.99489,0.99147,0.13027,0.09745,0.69816,0.0004952,0.0004952,0.0004952
78,9452.23,0.20315,0.16067,0.75862,0.99882,0.9976,0.99498,0.99014,0.1268,0.09916,0.69772,0.0004754,0.0004754,0.0004754
79,9566.16,0.20165,0.17039,0.75211,0.99648,0.99879,0.995,0.98965,0.12909,0.10297,0.69743,0.0004556,0.0004556,0.0004556
80,9682.97,0.19835,0.14989,0.76498,0.99882,0.99757,0.99493,0.98871,0.12344,0.10206,0.69784,0.0004358,0.0004358,0.0004358
81,9798.11,0.19946,0.14535,0.7647,0.99756,0.99882,0.99462,0.98751,0.1258,0.09738,0.69777,0.000416,0.000416,0.000416
82,9923.31,0.19978,0.15148,0.76173,0.99765,0.99868,0.99492,0.98709,0.12095,0.09603,0.69749,0.0003962,0.0003962,0.0003962
83,10045,0.19297,0.14673,0.7614,0.99874,1,0.9948,0.98742,0.11161,0.09583,0.69687,0.0003764,0.0003764,0.0003764
84,10173.6,0.19563,0.14392,0.75899,0.99761,1,0.99481,0.98959,0.11714,0.09136,0.69759,0.0003566,0.0003566,0.0003566
85,10298.7,0.18948,0.14623,0.75888,0.99763,1,0.995,0.9878,0.12245,0.08773,0.69737,0.0003368,0.0003368,0.0003368
86,10420.8,0.18338,0.14121,0.75585,0.99873,0.99882,0.99499,0.9891,0.11387,0.0887,0.69686,0.000317,0.000317,0.000317
87,10542.8,0.1818,0.14858,0.74677,0.99882,0.99991,0.995,0.9889,0.10719,0.09069,0.69609,0.0002972,0.0002972,0.0002972
88,10664.2,0.18139,0.13174,0.74923,0.99872,0.99882,0.995,0.98873,0.11471,0.08632,0.69653,0.0002774,0.0002774,0.0002774
89,10785.9,0.1882,0.16013,0.75604,0.99882,0.99882,0.995,0.98872,0.11154,0.08956,0.69582,0.0002576,0.0002576,0.0002576
90,10908.1,0.18456,0.14028,0.75974,0.99882,0.99882,0.995,0.98854,0.10638,0.08905,0.69602,0.0002378,0.0002378,0.0002378
91,11027.9,0.15239,0.1111,0.70362,0.99872,0.99882,0.995,0.98854,0.11202,0.08977,0.69594,0.000218,0.000218,0.000218
92,11149.7,0.14474,0.10409,0.70135,0.99882,0.99993,0.995,0.98817,0.11174,0.08846,0.69651,0.0001982,0.0001982,0.0001982
93,11267.1,0.14776,0.10717,0.70975,0.99882,0.99994,0.995,0.98856,0.11019,0.09074,0.6965,0.0001784,0.0001784,0.0001784
94,11375.4,0.13834,0.09937,0.71288,0.99882,0.99998,0.995,0.99017,0.10788,0.09284,0.69636,0.0001586,0.0001586,0.0001586
95,11484.2,0.13525,0.10171,0.69839,0.99882,0.99991,0.995,0.98911,0.1151,0.09129,0.69646,0.0001388,0.0001388,0.0001388
96,11594.8,0.13767,0.09816,0.69563,0.99882,0.99996,0.995,0.98869,0.10224,0.08732,0.69577,0.000119,0.000119,0.000119
97,11710.5,0.13322,0.09796,0.69489,0.99878,1,0.99496,0.98978,0.10174,0.09392,0.69576,9.92e-05,9.92e-05,9.92e-05
98,11819.3,0.13158,0.09563,0.69285,0.99882,0.99995,0.995,0.98931,0.10119,0.08962,0.696,7.94e-05,7.94e-05,7.94e-05
99,11928.1,0.1303,0.09925,0.6971,0.99873,0.99882,0.995,0.9892,0.10295,0.08308,0.69527,5.96e-05,5.96e-05,5.96e-05
100,12035.5,0.13062,0.09558,0.70372,0.99882,0.99991,0.995,0.9891,0.10104,0.08219,0.69504,3.98e-05,3.98e-05,3.98e-05
