epoch,time,train/box_loss,train/cls_loss,train/dfl_loss,metrics/precision(B),metrics/recall(B),metrics/mAP50(B),metrics/mAP50-95(B),val/box_loss,val/cls_loss,val/dfl_loss,lr/pg0,lr/pg1,lr/pg2
1,18.7353,0.87552,1.17146,0.9906,0.76336,0.77966,0.75108,0.49299,1.16021,5.3867,0.94804,0.00036,0.00036,0.00036
2,38.7003,1.04779,1.35998,1.08195,0.02319,0.62712,0.0197,0.01015,1.43012,472.924,1.42707,0.000738535,0.000738535,0.000738535
3,57.8827,1.12819,2.34922,1.21675,0.0169,0.30508,0.01364,0.00457,1.95983,113.29,2.5463,0.00111556,0.00111556,0.00111556
4,77.0486,1.08992,2.95511,1.25503,0.00126,0.47458,0.00092,0.0003,2.11337,1178.16,1.90832,0.00149109,0.00149109,0.00149109
5,95.813,1.32088,2.78508,1.37085,0.00026,0.0339,9e-05,4e-05,3.09687,9304.96,141.504,0.00186511,0.00186511,0.00186511
6,114.86,1.35736,2.16118,1.37373,0,0,0,0,0.59382,673.154,1.29383,0.0019802,0.0019802,0.0019802
7,134.909,1.78158,2.69761,1.68767,0,0,0,0,0.24822,2908.11,1.00326,0.00197624,0.00197624,0.00197624
8,154.913,1.69534,2.38079,1.53993,0,0,0,0,0,683.765,0,0.00197228,0.00197228,0.00197228
9,173.831,1.78535,2.58728,1.60631,0,0,0,0,2e-05,1274.68,0.00972,0.00196832,0.00196832,0.00196832
10,193.551,1.62922,2.74272,1.68425,0,0,0,0,0,0,0,0.00196436,0.00196436,0.00196436
11,212.262,1.68979,2.7511,1.56657,0,0,0,0,0,21.1093,0,0.0019604,0.0019604,0.0019604
12,231.595,1.50698,2.10976,1.57432,0.00116,0.25424,0.00073,0.00021,2.95517,237187,1201.64,0.00195644,0.00195644,0.00195644
13,250.976,1.41608,1.72796,1.43435,0.00012,0.01695,3e-05,0,2.65434,75.0894,23.2729,0.00195248,0.00195248,0.00195248
14,269.861,1.28179,1.73966,1.345,0.00206,0.10169,0.00075,0.00027,3.20281,6412.46,86.6915,0.00194852,0.00194852,0.00194852
15,288.887,1.32817,1.75686,1.44877,0.27354,0.10169,0.09265,0.05595,2.59638,10.2694,5.60535,0.00194456,0.00194456,0.00194456
16,309.571,1.44181,1.58299,1.51136,0.52553,0.32203,0.31147,0.20723,1.72396,14.4184,2.98706,0.0019406,0.0019406,0.0019406
17,328.923,1.43977,1.75278,1.51091,0.45123,0.50847,0.47711,0.28314,1.30585,20.7821,1.13997,0.00193664,0.00193664,0.00193664
18,348.425,1.21029,1.84392,1.35802,0.5924,0.61589,0.57914,0.3609,1.32216,7.52187,1.13787,0.00193268,0.00193268,0.00193268
19,367.537,1.43232,1.55479,1.50714,0.48687,0.69492,0.65854,0.40931,1.1888,15.4055,1.0108,0.00192872,0.00192872,0.00192872
20,386.725,1.18761,1.31436,1.33258,0.31139,0.69492,0.56718,0.39934,1.23233,53.4791,1.03902,0.00192476,0.00192476,0.00192476
21,405.853,1.2882,1.28739,1.42683,0.37155,0.67797,0.57407,0.43459,1.19792,51.6082,1.02378,0.0019208,0.0019208,0.0019208
22,424.995,1.09205,1.22567,1.19298,0.33158,0.45763,0.40114,0.2877,1.22289,49.5742,1.02851,0.00191684,0.00191684,0.00191684
23,445.181,1.21159,1.49063,1.39928,0.10709,0.45763,0.16586,0.119,1.43468,43.8669,1.21427,0.00191288,0.00191288,0.00191288
24,465.362,1.10759,1.17297,1.29214,0.59311,0.35593,0.37378,0.26503,1.51165,9.35032,1.44505,0.00190892,0.00190892,0.00190892
25,484.415,1.15661,1.26605,1.33066,0.55906,0.38983,0.40227,0.2794,1.45956,5.68775,1.41586,0.00190496,0.00190496,0.00190496
26,503.396,1.25395,1.3059,1.3006,0.55509,0.42373,0.43028,0.29472,1.33484,4.15489,1.29896,0.001901,0.001901,0.001901
27,522.667,1.19643,1.34165,1.37077,0.84163,0.50847,0.62309,0.43443,1.25714,4.04128,1.17499,0.00189704,0.00189704,0.00189704
28,541.768,1.28995,1.4568,1.35879,0.90544,0.64925,0.72725,0.50216,1.18526,4.82392,1.06541,0.00189308,0.00189308,0.00189308
29,562.169,1.15682,1.31195,1.38992,0.80248,0.62712,0.65441,0.45266,1.26326,3.23327,1.09428,0.00188912,0.00188912,0.00188912
30,581.188,1.06472,1.17927,1.21937,0.87276,0.59322,0.68776,0.52136,1.02284,4.40159,0.99829,0.00188516,0.00188516,0.00188516
31,601.768,1.03513,1.09663,1.22816,0.90903,0.62712,0.69792,0.56561,0.88264,5.93622,1.0032,0.0018812,0.0018812,0.0018812
32,622.012,1.05602,1.27324,1.28492,0.87526,0.55932,0.68353,0.5452,0.95344,9.61404,0.92961,0.00187724,0.00187724,0.00187724
33,641.101,1.1519,1.62845,1.28383,0.83739,0.55932,0.67896,0.51288,1.04487,5.44463,0.95111,0.00187328,0.00187328,0.00187328
34,660.367,1.1979,1.38073,1.28432,0.88468,0.69492,0.77689,0.59833,1.05816,5.22913,0.94757,0.00186932,0.00186932,0.00186932
35,680.527,0.95073,1.06891,1.1034,0.88779,0.69492,0.77677,0.62857,1.01313,7.79544,0.91622,0.00186536,0.00186536,0.00186536
36,700.569,1.0556,1.16192,1.26142,0.80934,0.64407,0.70402,0.54654,1.04004,4.8808,0.95815,0.0018614,0.0018614,0.0018614
37,719.937,1.0119,1.02201,1.21406,0.86341,0.62712,0.69115,0.55336,0.99944,5.36837,0.92132,0.00185744,0.00185744,0.00185744
38,739.192,1.06781,1.05393,1.23728,0.83346,0.66102,0.72154,0.56788,0.92814,5.73022,0.90061,0.00185348,0.00185348,0.00185348
39,758.253,1.02671,1.10295,1.19474,0.73206,0.741,0.73157,0.54752,1.05276,5.53473,0.93603,0.00184952,0.00184952,0.00184952
40,778.317,0.90938,0.97539,1.15874,0.80876,0.61017,0.70465,0.52382,1.05122,9.16445,0.92902,0.00184556,0.00184556,0.00184556
41,797.126,0.96924,0.88106,1.16636,0.86394,0.69492,0.76626,0.58252,1.01342,12.5385,0.92162,0.0018416,0.0018416,0.0018416
42,816.568,0.9321,0.92593,1.124,0.95318,0.81356,0.84798,0.65162,1.01655,2.53459,0.92636,0.00183764,0.00183764,0.00183764
43,836.835,1.00681,0.95317,1.13647,0.91546,0.73424,0.79693,0.59418,1.07714,1.41528,0.94257,0.00183368,0.00183368,0.00183368
44,856.174,1.03107,1.06944,1.21217,0.80058,0.7485,0.79057,0.57633,1.12058,1.80237,0.97212,0.00182972,0.00182972,0.00182972
45,876.441,0.95498,0.88513,1.16476,0.8788,0.67797,0.79256,0.60409,1.04086,3.31263,0.93925,0.00182576,0.00182576,0.00182576
46,895.71,0.94175,0.89664,1.14839,0.7755,0.70265,0.78119,0.59023,0.97495,3.44072,0.9288,0.0018218,0.0018218,0.0018218
47,915.041,0.97326,0.84884,1.17191,0.79399,0.64407,0.72745,0.56622,0.98228,4.72565,0.91538,0.00181784,0.00181784,0.00181784
48,934.038,0.87606,0.77908,1.09134,0.78388,0.66102,0.70893,0.57239,0.95069,5.16079,0.88049,0.00181388,0.00181388,0.00181388
49,952.819,0.96195,0.92622,1.1449,0.87394,0.58763,0.65999,0.52691,0.97002,6.40475,0.90718,0.00180992,0.00180992,0.00180992
50,972.043,0.83756,0.83329,1.11245,0.89428,0.7169,0.82825,0.62062,1.02741,1.17622,0.91503,0.00180596,0.00180596,0.00180596
51,991.088,1.10344,1.13545,1.23342,0.84177,0.72142,0.81396,0.60046,1.05659,1.42233,0.92022,0.001802,0.001802,0.001802
52,1010.28,0.89097,0.89639,1.12131,0.81334,0.66474,0.75766,0.52709,1.21877,1.50388,1.00388,0.00179804,0.00179804,0.00179804
53,1029.68,0.89303,0.91069,1.12867,0.82009,0.66102,0.75039,0.53405,1.15403,1.39798,0.97315,0.00179408,0.00179408,0.00179408
54,1048.78,0.86696,0.83306,1.11976,0.84402,0.64407,0.75354,0.58152,1.05613,1.84859,0.93568,0.00179012,0.00179012,0.00179012
55,1068.07,0.86442,0.85162,1.11266,0.79297,0.71416,0.75332,0.58273,0.98488,2.27577,0.89888,0.00178616,0.00178616,0.00178616
56,1088.86,0.78163,0.7227,1.06854,0.90137,0.77458,0.84991,0.62428,1.03901,1.87445,0.91938,0.0017822,0.0017822,0.0017822
57,1107.74,0.9488,0.97883,1.16607,0.92272,0.74576,0.83996,0.66184,0.96393,1.87237,0.86467,0.00177824,0.00177824,0.00177824
58,1127.79,0.84419,0.83052,1.09432,0.86152,0.71186,0.80053,0.63425,0.97508,2.29046,0.87183,0.00177428,0.00177428,0.00177428
59,1146.78,0.94305,0.85069,1.20881,0.94058,0.74576,0.84784,0.66815,0.93743,1.7471,0.85394,0.00177032,0.00177032,0.00177032
60,1167.12,0.90438,1.01801,1.12908,0.85031,0.72881,0.77579,0.59871,0.97586,1.62645,0.92711,0.00176636,0.00176636,0.00176636
61,1186.57,0.92497,0.82334,1.1346,0.83566,0.61017,0.67979,0.52226,1.07481,1.56434,0.9756,0.0017624,0.0017624,0.0017624
62,1206.23,0.91388,0.86023,1.15691,0.87364,0.64407,0.79834,0.6332,0.9406,2.68106,0.86592,0.00175844,0.00175844,0.00175844
63,1225.43,0.83907,0.84496,1.11865,0.94014,0.67797,0.79604,0.62047,1.02904,3.22055,0.89191,0.00175448,0.00175448,0.00175448
64,1244.43,0.95991,0.91123,1.11388,0.89727,0.69492,0.76224,0.61081,0.99704,2.63089,0.91203,0.00175052,0.00175052,0.00175052
65,1263.78,0.84257,0.75372,1.07202,0.86858,0.56013,0.66327,0.4965,1.1415,3.50471,1.12536,0.00174656,0.00174656,0.00174656
66,1282.95,0.94558,0.8603,1.17593,0.68245,0.35593,0.38284,0.29932,1.32187,3.33784,1.32862,0.0017426,0.0017426,0.0017426
67,1302.74,0.97213,0.87,1.18937,0.74668,0.22034,0.26489,0.18599,1.47183,3.03019,1.57178,0.00173864,0.00173864,0.00173864
68,1321.62,0.96851,0.81749,1.15215,0.72033,0.57627,0.62757,0.44415,1.17032,1.90039,1.10008,0.00173468,0.00173468,0.00173468
69,1340.99,0.91064,0.88486,1.15789,0.89114,0.67797,0.81436,0.64064,0.92745,1.66767,0.90733,0.00173072,0.00173072,0.00173072
70,1360.48,0.83804,0.81509,1.07794,0.83832,0.72881,0.7946,0.62069,0.8536,1.51628,0.89852,0.00172676,0.00172676,0.00172676
71,1379.54,0.86836,0.75487,1.07998,0.88742,0.66813,0.7601,0.58927,0.95651,1.58927,0.93433,0.0017228,0.0017228,0.0017228
72,1398.68,0.88945,1.00772,1.10195,0.94323,0.84483,0.88629,0.72513,0.84758,1.44391,0.82949,0.00171884,0.00171884,0.00171884
73,1419.44,0.81665,0.68371,1.04288,0.95122,0.83051,0.90655,0.71325,0.89047,1.4483,0.84618,0.00171488,0.00171488,0.00171488
74,1438.26,0.83904,0.81382,1.06175,0.93301,0.81356,0.87347,0.70056,0.89834,1.57132,0.8633,0.00171092,0.00171092,0.00171092
75,1457.11,0.8112,0.7522,1.11926,0.91883,0.84746,0.89281,0.71456,0.88276,1.42052,0.84963,0.00170696,0.00170696,0.00170696
76,1476.24,0.7454,0.65267,1.00496,0.95543,0.76271,0.88923,0.69163,0.94588,1.08851,0.86236,0.001703,0.001703,0.001703
77,1496.01,0.74236,0.74889,1.00801,0.94424,0.86103,0.89037,0.71375,0.9257,1.04772,0.86214,0.00169904,0.00169904,0.00169904
78,1514.84,0.8542,0.73407,1.15272,0.85083,0.84746,0.86201,0.68055,0.95898,1.20095,0.86376,0.00169508,0.00169508,0.00169508
79,1534.38,0.79007,0.73132,1.06771,0.95897,0.79238,0.86042,0.67486,0.96649,1.3013,0.84174,0.00169112,0.00169112,0.00169112
80,1553.07,0.78337,0.67157,1.01718,0.95895,0.792,0.8973,0.71201,0.86862,1.29767,0.82152,0.00168716,0.00168716,0.00168716
81,1572.08,0.86855,0.78271,1.09464,0.9689,0.79661,0.88533,0.72592,0.74809,2.9433,0.82538,0.0016832,0.0016832,0.0016832
82,1593.09,0.81947,0.74627,1.08457,0.99083,0.76271,0.85585,0.71319,0.7807,1.77348,0.81506,0.00167924,0.00167924,0.00167924
83,1612.15,0.87678,0.76479,1.10274,0.91902,0.76954,0.86225,0.70168,0.7901,1.67612,0.82459,0.00167528,0.00167528,0.00167528
84,1631.33,0.76866,0.73869,1.06156,0.90339,0.79254,0.857,0.68429,0.8047,2.39532,0.83837,0.00167132,0.00167132,0.00167132
85,1650.5,0.81493,0.71509,1.08927,0.96702,0.74576,0.85358,0.69325,0.88198,2.84343,0.82573,0.00166736,0.00166736,0.00166736
86,1671.31,0.78348,0.76039,1.05554,0.93909,0.78404,0.89044,0.74373,0.85551,1.86564,0.80322,0.0016634,0.0016634,0.0016634
87,1691.26,0.78147,0.85318,1.00913,0.99595,0.76271,0.82907,0.68336,0.81342,2.59324,0.81485,0.00165944,0.00165944,0.00165944
88,1710.58,0.85549,0.9445,1.0699,1,0.82991,0.86118,0.69969,0.98332,1.74467,0.83586,0.00165548,0.00165548,0.00165548
89,1729.65,0.93091,0.88506,1.11254,0.97188,0.57627,0.71476,0.56855,1.04864,1.36772,0.93898,0.00165152,0.00165152,0.00165152
90,1749.04,0.90015,0.83872,1.09673,0.91538,0.62712,0.7197,0.56515,1.02721,2.25457,0.91935,0.00164756,0.00164756,0.00164756
91,1768.43,0.7973,0.74221,1.03952,0.93644,0.57627,0.71893,0.56639,1.14221,2.7904,0.99015,0.0016436,0.0016436,0.0016436
92,1787.47,0.73608,0.61886,0.96079,0.87199,0.62712,0.69244,0.52515,1.1167,2.15685,0.99796,0.00163964,0.00163964,0.00163964
93,1806.55,0.77024,0.71108,1.04162,0.89959,0.84746,0.88756,0.73157,0.83787,1.56383,0.80516,0.00163568,0.00163568,0.00163568
94,1825.81,0.7865,0.67008,1.09131,0.9749,0.81356,0.91124,0.74066,0.82273,1.13243,0.79883,0.00163172,0.00163172,0.00163172
95,1844.94,0.71222,0.63086,0.99512,0.96148,0.84608,0.89415,0.73776,0.81306,1.89426,0.78747,0.00162776,0.00162776,0.00162776
96,1863.8,0.72292,0.68178,1.0374,1,0.80564,0.88764,0.74211,0.83465,4.50288,0.79338,0.0016238,0.0016238,0.0016238
97,1883.37,0.7277,0.6022,1.02398,1,0.75877,0.88379,0.73455,0.85398,4.28599,0.79677,0.00161984,0.00161984,0.00161984
98,1902.32,0.70362,0.6088,1.01721,0.97906,0.79246,0.93404,0.73887,0.81214,0.86243,0.80163,0.00161588,0.00161588,0.00161588
99,1921.31,0.71365,0.63265,1.00998,0.99646,0.86441,0.97516,0.78122,0.71663,0.7361,0.78861,0.00161192,0.00161192,0.00161192
100,1941.12,0.79874,0.66505,1.07925,0.94512,0.9322,0.97659,0.79614,0.70931,0.60642,0.79031,0.00160796,0.00160796,0.00160796
101,1961.56,0.72654,0.63678,1.05518,0.93211,0.93085,0.96616,0.80348,0.70215,0.60969,0.80157,0.001604,0.001604,0.001604
102,1982.09,0.75616,0.54566,1.03005,0.99582,0.81356,0.95105,0.7937,0.72866,0.63789,0.79461,0.00160004,0.00160004,0.00160004
103,2001.25,0.72839,0.63158,1.04773,1,0.80671,0.94488,0.7678,0.77317,0.65756,0.78931,0.00159608,0.00159608,0.00159608
104,2020.3,0.68399,0.594,1.00354,0.98112,0.88086,0.96431,0.78193,0.72982,0.80469,0.79985,0.00159212,0.00159212,0.00159212
105,2039.45,0.71652,0.69268,1.02801,0.97602,0.88136,0.96225,0.78229,0.77577,0.93178,0.79756,0.00158816,0.00158816,0.00158816
106,2058.71,0.83467,0.75453,1.11715,0.94389,0.85548,0.95901,0.78567,0.74286,0.91009,0.77614,0.0015842,0.0015842,0.0015842
107,2077.95,0.716,0.65388,1.00661,0.96417,0.86441,0.96813,0.7778,0.75926,0.93908,0.77908,0.00158024,0.00158024,0.00158024
108,2097.09,0.68437,0.58153,0.96241,0.94973,0.84746,0.93775,0.76206,0.75457,1.43984,0.77957,0.00157628,0.00157628,0.00157628
109,2116.63,0.74346,0.57986,1.04344,0.90208,0.88136,0.916,0.75748,0.79975,1.74142,0.78997,0.00157232,0.00157232,0.00157232
110,2135.5,0.8236,0.63438,1.08061,0.94377,0.85345,0.93078,0.77694,0.79594,0.88452,0.77116,0.00156836,0.00156836,0.00156836
111,2154.63,0.77196,0.63062,1.03814,0.962,0.85819,0.94144,0.7758,0.79773,0.84227,0.783,0.0015644,0.0015644,0.0015644
112,2173.82,0.77714,0.681,1.05989,0.9511,0.84746,0.94386,0.75068,0.77508,0.94328,0.8205,0.00156044,0.00156044,0.00156044
113,2192.81,0.81073,0.64726,1.03352,0.8508,0.86991,0.93722,0.76495,0.78154,0.98444,0.79491,0.00155648,0.00155648,0.00155648
114,2211.61,0.76579,0.67507,1.07605,0.92645,0.94915,0.95778,0.78752,0.74289,0.81371,0.76395,0.00155252,0.00155252,0.00155252
115,2230.6,0.73565,0.60535,1.01961,0.96239,0.86441,0.93883,0.78913,0.73405,0.8738,0.76053,0.00154856,0.00154856,0.00154856
116,2250.5,0.68369,0.60129,0.97325,0.96224,0.86381,0.93342,0.78156,0.72191,1.08129,0.76116,0.0015446,0.0015446,0.0015446
117,2269.33,0.729,0.62482,1.0201,0.96318,0.88688,0.93247,0.78471,0.7501,0.96549,0.7758,0.00154064,0.00154064,0.00154064
118,2288.54,0.63914,0.51609,0.95346,0.96347,0.89411,0.93791,0.79697,0.72278,0.76386,0.77305,0.00153668,0.00153668,0.00153668
119,2307.57,0.76126,0.77408,1.05808,0.98171,0.90977,0.97692,0.82035,0.70294,0.63336,0.76651,0.00153272,0.00153272,0.00153272
120,2327.64,0.63668,0.51082,0.94635,0.94349,0.94915,0.9767,0.82765,0.6936,0.63853,0.77926,0.00152876,0.00152876,0.00152876
121,2347.71,0.70437,0.55955,1.00017,0.9319,0.92778,0.96981,0.81349,0.70218,0.66416,0.78266,0.0015248,0.0015248,0.0015248
122,2366.3,0.63525,0.52342,0.98448,0.92748,0.9322,0.9722,0.80687,0.7319,0.69309,0.77426,0.00152084,0.00152084,0.00152084
123,2385.43,0.79174,0.59323,1.15825,0.91709,0.9661,0.97535,0.82018,0.72065,0.67782,0.7713,0.00151688,0.00151688,0.00151688
124,2404.37,0.64764,0.57557,0.97822,0.9945,0.88136,0.9726,0.80911,0.70221,0.82508,0.78029,0.00151292,0.00151292,0.00151292
125,2423.16,0.67367,0.60837,0.99717,0.89064,0.88136,0.92548,0.77034,0.75474,1.36461,0.80445,0.00150896,0.00150896,0.00150896
126,2441.97,0.68845,0.538,0.96628,0.93556,0.86441,0.93514,0.77628,0.73404,0.93642,0.79177,0.001505,0.001505,0.001505
127,2709.9,0.6425,0.5549,0.97989,0.97739,0.89831,0.97446,0.8273,0.65985,0.62421,0.77423,0.00150104,0.00150104,0.00150104
128,2728.98,0.69092,0.53625,0.97821,0.95359,0.9322,0.97224,0.84702,0.59369,0.5563,0.76916,0.00149708,0.00149708,0.00149708
129,2748.8,0.64336,0.53813,0.99928,0.98243,0.94785,0.98733,0.83856,0.63106,0.59629,0.77267,0.00149312,0.00149312,0.00149312
130,2768.05,0.75814,0.68569,1.08871,0.96104,0.9322,0.97789,0.81202,0.705,0.5765,0.77749,0.00148916,0.00148916,0.00148916
131,2787.44,0.6381,0.56206,0.95252,0.94518,0.91525,0.93266,0.78839,0.73553,0.67701,0.76497,0.0014852,0.0014852,0.0014852
132,2806.05,0.68217,0.50681,1.00005,0.98039,0.84746,0.91456,0.77876,0.71784,0.83835,0.75663,0.00148124,0.00148124,0.00148124
133,2825.19,0.67213,0.60605,0.96535,1,0.82758,0.9161,0.77517,0.73881,0.72261,0.76762,0.00147728,0.00147728,0.00147728
134,2843.77,0.70316,0.56365,1.0436,0.96242,0.89831,0.95293,0.79639,0.75087,0.61103,0.76663,0.00147332,0.00147332,0.00147332
135,2862.67,0.63816,0.53091,0.96062,0.99401,0.89831,0.98211,0.82412,0.69004,0.5199,0.75608,0.00146936,0.00146936,0.00146936
136,2881.56,0.67845,0.54634,0.97153,0.95811,0.94915,0.98611,0.82974,0.65201,0.55937,0.77498,0.0014654,0.0014654,0.0014654
137,2900.94,0.68491,0.5365,1.01819,0.9341,0.96098,0.98507,0.82702,0.68487,0.5919,0.75682,0.00146144,0.00146144,0.00146144
138,2920.6,0.80283,0.63382,1.06794,0.97901,0.89831,0.96976,0.79715,0.75837,0.52567,0.75086,0.00145748,0.00145748,0.00145748
139,2939.71,0.63403,0.51308,0.99575,0.9645,0.88136,0.95666,0.81198,0.73886,0.45663,0.73309,0.00145352,0.00145352,0.00145352
140,2958.84,0.67593,0.56091,1.01577,0.97929,0.88136,0.97176,0.81409,0.71718,0.45074,0.72913,0.00144956,0.00144956,0.00144956
141,2978.03,0.64722,0.52581,1.00439,0.93559,0.94915,0.98205,0.82018,0.73133,0.53259,0.75015,0.0014456,0.0014456,0.0014456
142,2997.9,0.61337,0.50533,0.95004,0.96808,0.9322,0.9815,0.79061,0.76032,0.70932,0.75721,0.00144164,0.00144164,0.00144164
143,3016.67,0.70479,0.52393,1.00228,0.99783,0.84746,0.93693,0.78273,0.72295,0.99233,0.74476,0.00143768,0.00143768,0.00143768
144,3035.43,0.62895,0.53258,0.94372,0.94687,0.90627,0.93878,0.80879,0.70701,0.95491,0.73574,0.00143372,0.00143372,0.00143372
145,3054.35,0.62588,0.51646,0.96986,0.99742,0.86441,0.93688,0.81122,0.68776,0.73413,0.7306,0.00142976,0.00142976,0.00142976
146,3072.83,0.61193,0.55572,0.95174,0.88969,0.95694,0.97322,0.8095,0.73147,0.51983,0.74447,0.0014258,0.0014258,0.0014258
147,3092.05,0.76684,0.58562,1.01562,0.94388,0.85522,0.97373,0.79814,0.79752,0.62999,0.7727,0.00142184,0.00142184,0.00142184
148,3110.87,0.73215,0.57669,1.0141,0.92697,0.86055,0.96295,0.78532,0.81012,0.94495,0.78239,0.00141788,0.00141788,0.00141788
149,3130.05,0.82022,0.73421,0.96436,0.90773,0.91525,0.96812,0.79993,0.78569,1.01547,0.77728,0.00141392,0.00141392,0.00141392
150,3149.11,0.65648,0.55311,1.00717,0.93812,0.89831,0.96998,0.80562,0.73918,1.03865,0.75949,0.00140996,0.00140996,0.00140996
151,3168.17,0.63169,0.59919,0.98492,0.98225,0.93805,0.97247,0.80059,0.75168,0.72006,0.76334,0.001406,0.001406,0.001406
152,3187.33,0.76168,0.60911,1.03793,0.94889,0.94404,0.9698,0.75424,0.77443,0.76463,0.76885,0.00140204,0.00140204,0.00140204
153,3207.9,0.66606,0.5078,0.98486,0.9821,0.93005,0.97519,0.77327,0.75446,0.74627,0.76967,0.00139808,0.00139808,0.00139808
154,3226.78,0.70306,0.57454,1.0633,0.98199,0.92431,0.97596,0.79943,0.73067,0.74709,0.76651,0.00139412,0.00139412,0.00139412
155,3245.84,0.62139,0.5433,0.9647,0.98188,0.9322,0.97102,0.8074,0.70653,0.835,0.75135,0.00139016,0.00139016,0.00139016
156,3264.79,0.608,0.5221,0.9606,0.99402,0.9322,0.97918,0.81915,0.71878,0.62473,0.76365,0.0013862,0.0013862,0.0013862
157,3284.51,0.66312,0.58641,0.99871,0.97522,0.94915,0.98867,0.82283,0.67501,0.64155,0.76287,0.00138224,0.00138224,0.00138224
158,3303.38,0.62291,0.48834,1.01117,0.94295,0.94915,0.97443,0.80231,0.68359,0.6769,0.76315,0.00137828,0.00137828,0.00137828
159,3322.5,0.61793,0.5083,0.97599,0.94768,0.92115,0.97431,0.8082,0.6832,0.62339,0.76279,0.00137432,0.00137432,0.00137432
160,3341.35,0.58252,0.53007,0.95938,0.98205,0.92759,0.97575,0.82814,0.64133,0.54261,0.76095,0.00137036,0.00137036,0.00137036
161,3361.79,0.635,0.51808,0.96347,0.98212,0.93121,0.97457,0.82853,0.64443,0.53305,0.76891,0.0013664,0.0013664,0.0013664
162,3380.75,0.55607,0.47799,0.93825,0.96478,0.92864,0.97827,0.82251,0.65454,0.57774,0.76823,0.00136244,0.00136244,0.00136244
163,3399.83,0.67029,0.51016,0.9727,1,0.93057,0.98039,0.82642,0.65353,0.53261,0.7651,0.00135848,0.00135848,0.00135848
164,3419.93,0.65515,0.5503,1.0243,1,0.93533,0.9797,0.82632,0.62643,0.56262,0.76194,0.00135452,0.00135452,0.00135452
165,3439.18,0.58508,0.50578,0.95724,0.98957,0.9322,0.97783,0.82407,0.59278,0.63135,0.76143,0.00135056,0.00135056,0.00135056
166,3458.16,0.59399,0.5027,0.99333,0.94895,0.94915,0.97243,0.82769,0.57429,0.70868,0.77196,0.0013466,0.0013466,0.0013466
167,3477.95,0.65745,0.53786,1.03146,0.98243,0.86441,0.95396,0.79793,0.59518,0.90594,0.77826,0.00134264,0.00134264,0.00134264
168,3497.69,0.60518,0.52089,0.97106,0.95816,0.84746,0.9196,0.81125,0.59536,0.83861,0.75485,0.00133868,0.00133868,0.00133868
169,3517.38,0.61012,0.49618,0.96253,0.94526,0.87803,0.93229,0.84104,0.56156,0.80899,0.75469,0.00133472,0.00133472,0.00133472
170,3536.21,0.62738,0.53396,0.97189,0.9788,0.86441,0.96173,0.84765,0.5469,0.68789,0.74881,0.00133076,0.00133076,0.00133076
171,3556.8,0.64535,0.57426,0.98751,0.97742,0.86441,0.95955,0.83937,0.61483,0.78467,0.73327,0.0013268,0.0013268,0.0013268
172,3576.31,0.57712,0.47318,0.93999,0.98964,0.84746,0.95939,0.83472,0.64923,1.07717,0.72423,0.00132284,0.00132284,0.00132284
173,3595.86,0.60044,0.47217,0.94676,0.95647,0.94915,0.98606,0.83814,0.64051,0.65429,0.71855,0.00131888,0.00131888,0.00131888
174,3615.02,0.56156,0.48672,0.95959,0.94649,0.98305,0.9882,0.83908,0.63489,0.70205,0.72201,0.00131492,0.00131492,0.00131492
175,3634.08,0.60184,0.45729,0.95196,0.94978,0.98305,0.98572,0.82116,0.65587,0.58501,0.72191,0.00131096,0.00131096,0.00131096
176,3653.15,0.6554,0.54156,0.99214,0.96545,0.9661,0.97462,0.81404,0.65682,0.49946,0.71935,0.001307,0.001307,0.001307
177,3672.76,0.63665,0.51282,0.97289,0.98145,0.89665,0.93141,0.81162,0.63595,0.49511,0.71655,0.00130304,0.00130304,0.00130304
178,3692.26,0.69946,0.55393,1.00944,0.94182,0.9322,0.94135,0.83258,0.64033,0.51137,0.71867,0.00129908,0.00129908,0.00129908
179,3712.35,0.60441,0.46521,0.94027,0.94977,0.96148,0.9788,0.83062,0.65405,0.47199,0.72343,0.00129512,0.00129512,0.00129512
180,3733.36,0.6109,0.5121,1.01176,0.97831,0.94915,0.98194,0.83322,0.6731,0.45282,0.73755,0.00129116,0.00129116,0.00129116
181,3752.19,0.58969,0.46577,0.97548,0.91974,0.91525,0.96341,0.80688,0.67656,0.53301,0.75764,0.0012872,0.0012872,0.0012872
182,3773.6,0.52581,0.45431,0.96448,0.85115,0.87232,0.91309,0.74305,0.7435,0.81282,0.81956,0.00128324,0.00128324,0.00128324
183,3792.95,0.66322,0.50133,0.98617,0.90851,0.9322,0.96343,0.79991,0.68469,0.69229,0.77784,0.00127928,0.00127928,0.00127928
184,3812.19,0.56901,0.44362,0.94306,0.87663,0.98305,0.97278,0.84271,0.658,0.48612,0.72936,0.00127532,0.00127532,0.00127532
185,3831.43,0.61066,0.46826,0.96715,0.91659,0.93133,0.97295,0.83586,0.65003,0.43897,0.7277,0.00127136,0.00127136,0.00127136
186,3850.56,0.5985,0.46519,0.94238,0.98075,0.86348,0.9624,0.84241,0.58865,0.70437,0.7397,0.0012674,0.0012674,0.0012674
187,3869.45,0.56367,0.46923,0.957,0.99357,0.84746,0.9638,0.82091,0.66841,0.76535,0.74126,0.00126344,0.00126344,0.00126344
188,3888.72,0.72764,0.48244,1.03114,0.94709,0.91021,0.9589,0.80003,0.74341,0.67964,0.75184,0.00125948,0.00125948,0.00125948
189,3908.96,0.67681,0.58862,0.98089,0.90451,0.96334,0.97436,0.85183,0.56727,0.54339,0.73516,0.00125552,0.00125552,0.00125552
190,3931.87,0.52478,0.4474,0.89668,0.95044,0.97516,0.98244,0.84806,0.57455,0.53368,0.74746,0.00125156,0.00125156,0.00125156
191,3951.18,0.60304,1.08835,0.91999,0.97187,0.9661,0.9848,0.85807,0.56665,0.63706,0.74137,0.0012476,0.0012476,0.0012476
192,3972.79,0.61676,0.55958,0.98047,0.96603,0.96405,0.98365,0.85255,0.57803,1.86743,0.7425,0.00124364,0.00124364,0.00124364
193,3993.57,0.58283,0.49032,0.93577,0.96586,0.9591,0.98794,0.85426,0.57263,1.12374,0.74465,0.00123968,0.00123968,0.00123968
194,4014,0.59523,0.49693,0.98517,0.97262,0.9661,0.99207,0.86256,0.57055,0.57287,0.7385,0.00123572,0.00123572,0.00123572
195,4035.53,0.6087,0.50705,1.00287,0.96446,0.98305,0.99123,0.86529,0.57612,0.56999,0.73287,0.00123176,0.00123176,0.00123176
196,4056.37,0.59938,0.51341,0.98283,0.96197,0.98305,0.9907,0.86337,0.58228,0.56858,0.72757,0.0012278,0.0012278,0.0012278
197,4076.86,0.63819,0.54232,0.97585,0.95068,0.98017,0.98975,0.84163,0.59013,0.64244,0.73121,0.00122384,0.00122384,0.00122384
198,4096.09,0.61529,0.49325,0.95345,0.94813,0.9661,0.98754,0.8364,0.62457,0.70547,0.74094,0.00121988,0.00121988,0.00121988
199,4115.07,0.51622,0.42248,0.92011,0.94992,0.96457,0.98429,0.83504,0.63201,0.64923,0.751,0.00121592,0.00121592,0.00121592
200,4134.2,0.59242,0.46276,0.98798,0.99344,0.9322,0.98244,0.84314,0.61507,0.46465,0.75715,0.00121196,0.00121196,0.00121196
201,4153.37,0.59497,0.4609,0.98543,0.99387,0.9322,0.98305,0.86342,0.57005,0.41887,0.7441,0.001208,0.001208,0.001208
202,4171.77,0.60335,0.49787,0.97942,0.98087,0.94915,0.98085,0.84855,0.59324,0.3979,0.74912,0.00120404,0.00120404,0.00120404
203,4190.76,0.68474,0.47567,1.05292,0.99428,0.9322,0.98049,0.83693,0.60833,0.45151,0.75323,0.00120008,0.00120008,0.00120008
204,4209.58,0.61063,0.52484,0.93876,0.94715,0.9322,0.97641,0.85754,0.62855,0.55556,0.73576,0.00119612,0.00119612,0.00119612
205,4229.41,0.64907,1.1678,0.93511,0.93023,0.904,0.96855,0.84303,0.63861,0.8479,0.72922,0.00119216,0.00119216,0.00119216
206,4249.8,0.63172,0.4921,0.95539,0.95674,0.88136,0.96535,0.83163,0.63778,0.75261,0.72721,0.0011882,0.0011882,0.0011882
207,4269.42,0.66011,0.52365,1.03545,0.97767,0.89831,0.97454,0.85862,0.59074,0.51902,0.71958,0.00118424,0.00118424,0.00118424
208,4289.01,0.59014,0.46177,1.00258,0.96544,0.94712,0.98344,0.87086,0.57179,0.39571,0.71998,0.00118028,0.00118028,0.00118028
209,4310.23,0.56618,0.49145,0.96181,0.96927,0.9661,0.9852,0.86451,0.57507,0.38818,0.7293,0.00117632,0.00117632,0.00117632
210,4329.99,0.58486,0.44657,0.91311,0.96655,0.97955,0.98417,0.87735,0.52719,0.41746,0.72393,0.00117236,0.00117236,0.00117236
211,4350.76,0.53293,0.45225,0.9369,0.9693,0.9661,0.98549,0.86558,0.54596,0.45635,0.73018,0.0011684,0.0011684,0.0011684
212,4371.29,0.56907,0.43587,0.92851,0.97919,0.98305,0.98621,0.85415,0.56012,0.47131,0.73502,0.00116444,0.00116444,0.00116444
213,4394.14,0.51216,0.43516,0.93063,1,0.97694,0.9865,0.86701,0.55283,0.48061,0.7318,0.00116048,0.00116048,0.00116048
214,4414.12,0.55219,0.43459,0.95483,0.96662,0.98175,0.98493,0.85837,0.58736,0.50555,0.73523,0.00115652,0.00115652,0.00115652
215,4435.06,0.5608,0.42059,0.93281,0.98268,0.96152,0.98416,0.84735,0.59175,0.7037,0.73539,0.00115256,0.00115256,0.00115256
216,4455.7,0.57916,0.44804,0.95457,0.99188,0.84746,0.95575,0.83945,0.55767,1.34605,0.72611,0.0011486,0.0011486,0.0011486
217,4475.97,0.55466,0.39962,0.94202,0.98306,0.88136,0.96421,0.85833,0.54126,1.21533,0.72003,0.00114464,0.00114464,0.00114464
218,4497.5,0.5085,0.41474,0.9311,0.99123,0.94915,0.98733,0.87376,0.52185,0.78488,0.71905,0.00114068,0.00114068,0.00114068
219,4518.2,0.51762,0.38116,0.93291,0.99375,0.98305,0.99368,0.87726,0.52408,0.4746,0.7234,0.00113672,0.00113672,0.00113672
220,4537.95,0.52938,0.4213,0.91625,1,0.96466,0.9936,0.87549,0.53282,0.40946,0.72833,0.00113276,0.00113276,0.00113276
221,4557.78,0.5082,0.42643,0.91049,0.97927,0.9661,0.99299,0.86756,0.56628,0.38732,0.7256,0.0011288,0.0011288,0.0011288
222,4577.93,0.54927,0.40225,0.90136,0.96662,0.98159,0.99264,0.85576,0.60544,0.38509,0.72571,0.00112484,0.00112484,0.00112484
223,4597.43,0.51586,0.42564,0.90607,0.97811,0.9661,0.99175,0.8608,0.60248,0.40401,0.71498,0.00112088,0.00112088,0.00112088
224,4617.83,0.4521,0.36318,0.91157,0.96593,0.96118,0.99012,0.87689,0.56357,0.59598,0.70062,0.00111692,0.00111692,0.00111692
225,4637.92,0.54926,0.42781,0.9518,0.94754,0.9661,0.97767,0.88055,0.57077,0.71474,0.69926,0.00111296,0.00111296,0.00111296
226,4659.2,0.53893,0.4452,0.95627,1,0.94418,0.98066,0.87993,0.58431,0.48637,0.70109,0.001109,0.001109,0.001109
227,4678.43,0.49321,0.39993,0.9257,0.99623,0.94915,0.98204,0.88157,0.58006,0.36468,0.70428,0.00110504,0.00110504,0.00110504
228,4699,0.57381,0.44684,0.97182,0.96346,0.98305,0.99188,0.8769,0.57704,0.35881,0.72193,0.00110108,0.00110108,0.00110108
229,4719.66,0.47657,0.41391,0.91649,1,0.94697,0.99177,0.87942,0.55083,0.43417,0.72811,0.00109712,0.00109712,0.00109712
230,4740.16,0.49798,0.39731,0.91476,0.9662,0.98305,0.99254,0.88575,0.54694,0.51584,0.72959,0.00109316,0.00109316,0.00109316
231,4762.75,0.49144,0.37621,0.92095,1,0.96295,0.99368,0.88966,0.57723,0.52145,0.72212,0.0010892,0.0010892,0.0010892
232,4784.65,0.53607,0.40579,0.956,1,0.97703,0.99319,0.88552,0.53483,0.47151,0.71472,0.00108524,0.00108524,0.00108524
233,4805.25,0.51729,0.40419,0.93037,1,0.96295,0.99253,0.88354,0.54016,0.45095,0.70867,0.00108128,0.00108128,0.00108128
234,4825.95,0.53436,0.43628,0.93763,1,0.9631,0.99286,0.89185,0.53937,0.3802,0.70517,0.00107732,0.00107732,0.00107732
235,4846.55,0.53209,0.43874,0.94042,0.97172,0.9661,0.99207,0.89254,0.543,0.41399,0.70433,0.00107336,0.00107336,0.00107336
236,4867.1,0.50343,0.40554,0.90845,1,0.96251,0.99274,0.88709,0.55634,0.35105,0.70808,0.0010694,0.0010694,0.0010694
237,4886.89,0.52894,0.38777,0.87133,1,0.98152,0.99331,0.88563,0.55227,0.32737,0.71129,0.00106544,0.00106544,0.00106544
238,4907.14,0.50263,0.38129,0.92315,0.99401,0.98305,0.99394,0.88754,0.56136,0.31462,0.71375,0.00106148,0.00106148,0.00106148
239,4928.02,0.48942,0.44184,0.94665,1,0.98266,0.99368,0.89142,0.5431,0.32385,0.71195,0.00105752,0.00105752,0.00105752
240,4948.92,0.58681,0.42216,0.9755,1,0.97697,0.99368,0.89404,0.53809,0.39578,0.71241,0.00105356,0.00105356,0.00105356
241,4970.67,0.553,0.39424,0.96295,0.98305,0.98272,0.99107,0.89276,0.54243,0.59229,0.72001,0.0010496,0.0010496,0.0010496
242,4991.14,0.47376,0.36271,0.90313,0.98092,0.98305,0.99178,0.89176,0.49306,0.6146,0.72825,0.00104564,0.00104564,0.00104564
243,5011,0.50505,0.41303,0.90811,0.99649,0.98305,0.99308,0.88079,0.54798,0.51488,0.73,0.00104168,0.00104168,0.00104168
244,5031.1,0.45691,0.35555,0.91829,0.99657,0.98305,0.99319,0.87212,0.57082,0.46976,0.72811,0.00103772,0.00103772,0.00103772
245,5051.29,0.46566,0.4056,0.87288,0.99537,0.98305,0.99331,0.87911,0.5713,0.49937,0.71895,0.00103376,0.00103376,0.00103376
246,5072.02,0.45793,0.35292,0.87626,0.98013,0.98305,0.99116,0.87217,0.58028,0.45708,0.71588,0.0010298,0.0010298,0.0010298
247,5093.14,0.4818,0.39721,0.92029,0.99744,0.98305,0.99368,0.87546,0.57012,0.37666,0.714,0.00102584,0.00102584,0.00102584
248,5113.25,0.52476,0.41157,0.90695,1,0.98165,0.99368,0.88069,0.54208,0.38186,0.70787,0.00102188,0.00102188,0.00102188
249,5135,0.48403,0.37233,0.93679,0.99535,0.9661,0.99286,0.88927,0.52147,0.39693,0.70036,0.00101792,0.00101792,0.00101792
250,5156.34,0.46053,0.3822,0.91191,0.99546,0.9661,0.9921,0.89758,0.51545,0.40547,0.69789,0.00101396,0.00101396,0.00101396
251,5178.33,0.48529,0.37894,0.86857,0.99662,0.9661,0.99168,0.90089,0.51358,0.36697,0.69577,0.00101,0.00101,0.00101
252,5200.29,0.44024,0.33614,0.86156,0.99731,0.9661,0.99119,0.90983,0.50891,0.32822,0.69689,0.00100604,0.00100604,0.00100604
253,5221.83,0.53669,0.41375,0.94035,0.98029,0.9661,0.98944,0.90343,0.50743,0.3153,0.70426,0.00100208,0.00100208,0.00100208
254,5242.17,0.50529,0.41995,0.91256,0.9811,0.9661,0.98857,0.90603,0.48308,0.32169,0.69737,0.00099812,0.00099812,0.00099812
255,5262.13,0.46941,0.38547,0.90794,0.98297,0.9781,0.98972,0.89677,0.50324,0.33069,0.70097,0.00099416,0.00099416,0.00099416
256,5282.05,0.54501,0.41802,0.91659,0.96557,0.98305,0.99096,0.8848,0.52526,0.3869,0.7113,0.0009902,0.0009902,0.0009902
257,5303.91,0.49149,0.36381,0.87273,0.97778,0.98305,0.99073,0.88637,0.51961,0.53415,0.71172,0.00098624,0.00098624,0.00098624
258,5324.22,0.51854,0.38811,0.95389,0.98299,0.97932,0.99152,0.89996,0.54239,0.52416,0.7037,0.00098228,0.00098228,0.00098228
259,5344.87,0.47562,0.42287,0.90123,0.9983,0.98305,0.99408,0.89476,0.54597,0.42309,0.69678,0.00097832,0.00097832,0.00097832
260,5364.93,0.49509,0.38987,0.8956,0.98252,0.98305,0.99381,0.90337,0.52165,0.41412,0.69052,0.00097436,0.00097436,0.00097436
261,5385.31,0.59769,0.45452,0.99853,0.98487,0.98305,0.99343,0.90699,0.52045,0.38976,0.69054,0.0009704,0.0009704,0.0009704
262,5405.61,0.45196,0.39414,0.87152,0.93955,0.98305,0.98915,0.90233,0.51585,0.39708,0.69324,0.00096644,0.00096644,0.00096644
263,5425.87,0.40678,0.35469,0.87847,0.91529,0.98305,0.98725,0.89291,0.50571,0.40128,0.69373,0.00096248,0.00096248,0.00096248
264,5447.12,0.48189,0.38142,0.91702,0.95293,0.98305,0.99031,0.88652,0.52611,0.43786,0.69694,0.00095852,0.00095852,0.00095852
265,5467.61,0.41771,0.36303,0.89749,0.96821,0.98305,0.99178,0.8948,0.52577,0.42465,0.69831,0.00095456,0.00095456,0.00095456
266,5487.39,0.4405,0.36193,0.88892,0.9723,0.98305,0.99215,0.90318,0.51077,0.39502,0.69476,0.0009506,0.0009506,0.0009506
267,5507.13,0.43774,0.35275,0.90204,0.9946,0.98305,0.99437,0.90923,0.50171,0.37412,0.69945,0.00094664,0.00094664,0.00094664
268,5527.01,0.46648,0.37287,0.91434,0.99456,0.98305,0.99452,0.89913,0.49692,0.36451,0.70601,0.00094268,0.00094268,0.00094268
269,5547.07,0.4194,0.32864,0.87984,0.99636,0.98305,0.99467,0.89521,0.4767,0.36342,0.72027,0.00093872,0.00093872,0.00093872
270,5566.92,0.43646,0.34588,0.89906,0.99767,0.98305,0.99437,0.90267,0.47545,0.3759,0.71737,0.00093476,0.00093476,0.00093476
271,5586.58,0.38821,0.31482,0.87595,0.99775,0.98305,0.99408,0.91285,0.46924,0.36987,0.71456,0.0009308,0.0009308,0.0009308
272,5607.05,0.41496,0.35496,0.88176,0.99869,0.98305,0.99408,0.91052,0.46781,0.33657,0.71309,0.00092684,0.00092684,0.00092684
273,5626.63,0.41873,0.36728,0.87082,0.99908,0.98305,0.99408,0.91143,0.44961,0.30598,0.71116,0.00092288,0.00092288,0.00092288
274,5645.54,0.41741,0.34126,0.88977,1,0.98305,0.99381,0.90475,0.45778,0.28492,0.70242,0.00091892,0.00091892,0.00091892
275,5666.27,0.41622,0.35625,0.89728,0.99991,0.98305,0.99368,0.91454,0.46513,0.28149,0.69977,0.00091496,0.00091496,0.00091496
276,5686.78,0.44256,0.33413,0.88657,0.99898,0.98305,0.99394,0.91082,0.45745,0.27905,0.70201,0.000911,0.000911,0.000911
277,5706.09,0.40039,0.36218,0.87282,0.99708,0.98305,0.99408,0.90611,0.4642,0.27225,0.70456,0.00090704,0.00090704,0.00090704
278,5725.38,0.47754,0.3683,0.87797,0.99729,0.98305,0.99422,0.91023,0.45369,0.2828,0.70603,0.00090308,0.00090308,0.00090308
279,5744.56,0.4142,0.37566,0.86589,0.99759,0.98305,0.99422,0.91672,0.43204,0.30235,0.70855,0.00089912,0.00089912,0.00089912
280,5765,0.48937,0.37424,0.86669,0.99765,0.98305,0.99452,0.89434,0.43947,0.33798,0.7146,0.00089516,0.00089516,0.00089516
281,5784.29,0.4861,0.39493,0.9215,0.99804,0.98305,0.99437,0.9015,0.41799,0.3119,0.71469,0.0008912,0.0008912,0.0008912
282,5803.42,0.42386,0.35618,0.88456,0.99828,0.98305,0.99408,0.91884,0.40953,0.2838,0.71322,0.00088724,0.00088724,0.00088724
283,5823.77,0.49178,0.36718,0.91577,0.99845,0.98305,0.99381,0.91794,0.43918,0.29465,0.70789,0.00088328,0.00088328,0.00088328
284,5843.23,0.4765,0.37548,0.92924,0.99984,0.98305,0.99368,0.92232,0.47125,0.34476,0.70141,0.00087932,0.00087932,0.00087932
285,5863.38,0.44696,0.36241,0.92061,0.98301,0.98048,0.99303,0.92257,0.46564,0.44274,0.70338,0.00087536,0.00087536,0.00087536
286,5884.75,0.4695,0.36289,0.91687,0.98302,0.98115,0.99303,0.90576,0.49117,0.52973,0.70746,0.0008714,0.0008714,0.0008714
287,5904.93,0.41995,0.34188,0.86404,0.96499,0.98305,0.99234,0.91195,0.48755,0.6656,0.7045,0.00086744,0.00086744,0.00086744
288,5929.35,0.39641,0.31562,0.88151,0.97315,0.98305,0.99384,0.92778,0.45635,0.56437,0.70096,0.00086348,0.00086348,0.00086348
289,5959.84,0.4261,0.34616,0.91302,0.99511,0.98305,0.99452,0.93066,0.43926,0.42016,0.70501,0.00085952,0.00085952,0.00085952
290,5992.75,0.45182,0.37459,0.88062,0.9979,0.98305,0.99483,0.92242,0.46174,0.32894,0.70386,0.00085556,0.00085556,0.00085556
291,6025.22,0.39342,0.33708,0.88014,0.99822,0.98305,0.99483,0.91482,0.49927,0.32113,0.70898,0.0008516,0.0008516,0.0008516
292,6047.96,0.43165,0.36803,0.87464,0.99866,0.98305,0.99467,0.9056,0.48255,0.31537,0.70851,0.00084764,0.00084764,0.00084764
293,6069.47,0.48222,0.38359,0.92513,0.99968,0.98305,0.99452,0.92486,0.42337,0.29942,0.70501,0.00084368,0.00084368,0.00084368
294,6089.68,0.44058,0.31671,0.9028,1,0.98244,0.99422,0.93429,0.39425,0.28382,0.70618,0.00083972,0.00083972,0.00083972
295,6111.15,0.42429,0.32151,0.91649,1,0.98168,0.99381,0.93122,0.39936,0.27038,0.70754,0.00083576,0.00083576,0.00083576
296,6131.92,0.45617,0.37481,0.93907,1,0.98077,0.99343,0.92876,0.44838,0.2641,0.69732,0.0008318,0.0008318,0.0008318
297,6152.07,0.42537,0.33428,0.8717,0.9978,0.9661,0.99309,0.91533,0.45986,0.26555,0.6979,0.00082784,0.00082784,0.00082784
298,6173.97,0.38658,0.34976,0.87084,0.99703,0.9661,0.99264,0.91582,0.4557,0.27849,0.69616,0.00082388,0.00082388,0.00082388
299,6194.18,0.42407,0.33159,0.90702,1,0.98084,0.99343,0.91043,0.45039,0.29317,0.69115,0.00081992,0.00081992,0.00081992
300,6214.94,0.47451,0.36807,0.90072,1,0.97965,0.99319,0.91646,0.44939,0.31475,0.68727,0.00081596,0.00081596,0.00081596
301,6235.08,0.40911,0.3424,0.86478,0.98218,0.98305,0.993,0.9277,0.45094,0.33151,0.68984,0.000812,0.000812,0.000812
302,6255.98,0.41032,0.33694,0.87713,0.98196,0.98305,0.99204,0.92679,0.42597,0.31982,0.69307,0.00080804,0.00080804,0.00080804
303,6276.82,0.42244,0.32564,0.87051,0.98212,0.98305,0.99267,0.93223,0.40979,0.317,0.69854,0.00080408,0.00080408,0.00080408
304,6296.48,0.46014,0.33658,0.92131,0.98196,0.98305,0.99303,0.93457,0.39371,0.30439,0.70031,0.00080012,0.00080012,0.00080012
305,6317.64,0.44871,0.34342,0.92526,0.98102,0.98305,0.99403,0.92724,0.404,0.29735,0.69583,0.00079616,0.00079616,0.00079616
306,6337.59,0.42922,0.34487,0.88118,1,0.98133,0.99394,0.92338,0.45758,0.30434,0.68141,0.0007922,0.0007922,0.0007922
307,6357.6,0.40125,0.33157,0.87425,0.99968,0.98305,0.99408,0.92086,0.45169,0.30151,0.68435,0.00078824,0.00078824,0.00078824
308,6379.85,0.40957,0.32382,0.89109,0.98089,0.98305,0.99347,0.9119,0.45114,0.28997,0.6932,0.00078428,0.00078428,0.00078428
309,6400.17,0.39735,0.33146,0.8832,0.98006,0.98305,0.99374,0.9111,0.42616,0.27437,0.70552,0.00078032,0.00078032,0.00078032
310,6421.21,0.41348,0.32377,0.89164,1,0.98093,0.99422,0.92092,0.40602,0.27813,0.70565,0.00077636,0.00077636,0.00077636
311,6445.15,0.4271,0.33873,0.90897,1,0.9759,0.99266,0.92583,0.41192,0.34819,0.69767,0.0007724,0.0007724,0.0007724
312,6465.06,0.40881,0.34573,0.8781,0.99828,0.98305,0.99276,0.91908,0.42227,0.42321,0.69881,0.00076844,0.00076844,0.00076844
313,6486.27,0.42921,0.33486,0.90219,0.997,0.98305,0.99308,0.92355,0.42114,0.40557,0.69868,0.00076448,0.00076448,0.00076448
314,6507.36,0.40702,0.31458,0.90669,0.99606,0.98305,0.99437,0.92453,0.39869,0.33248,0.7005,0.00076052,0.00076052,0.00076052
315,6528.05,0.49698,0.38129,0.93625,0.99693,0.98305,0.99483,0.93447,0.36095,0.29875,0.70565,0.00075656,0.00075656,0.00075656
316,6548.29,0.42236,0.31289,0.88845,0.99711,0.98305,0.99483,0.93859,0.37191,0.28977,0.70067,0.0007526,0.0007526,0.0007526
317,6569.11,0.34387,0.29586,0.8736,0.99784,0.98305,0.99437,0.92768,0.4019,0.27807,0.69593,0.00074864,0.00074864,0.00074864
318,6588.96,0.37699,0.30952,0.88028,0.99808,0.98305,0.99437,0.91657,0.4429,0.2725,0.69303,0.00074468,0.00074468,0.00074468
319,6608.81,0.43574,0.32312,0.87609,1,0.98183,0.9882,0.91693,0.46139,0.27405,0.68725,0.00074072,0.00074072,0.00074072
320,6628.56,0.34864,0.31606,0.84494,0.98035,0.98305,0.98666,0.92037,0.4773,0.27176,0.68522,0.00073676,0.00073676,0.00073676
321,6648.13,0.37658,0.31809,0.85408,0.99616,0.98305,0.98842,0.91929,0.47558,0.2627,0.68892,0.0007328,0.0007328,0.0007328
322,6668.19,0.39035,0.33993,0.88389,0.99701,0.98305,0.99394,0.93652,0.40714,0.25454,0.69568,0.00072884,0.00072884,0.00072884
323,6688.35,0.3826,0.30482,0.82692,0.9966,0.98305,0.99408,0.93497,0.3878,0.25045,0.69909,0.00072488,0.00072488,0.00072488
324,6709.26,0.38443,0.30266,0.86629,0.99835,0.98305,0.99437,0.93912,0.38524,0.25013,0.6993,0.00072092,0.00072092,0.00072092
325,6730.81,0.39433,0.32835,0.87689,0.99853,0.98305,0.99437,0.93492,0.40178,0.25195,0.69499,0.00071696,0.00071696,0.00071696
326,6750.43,0.37669,0.29599,0.88484,0.99839,0.98305,0.99394,0.93543,0.41831,0.25712,0.69047,0.000713,0.000713,0.000713
327,6769.89,0.38656,0.30733,0.88224,0.99803,0.98305,0.99355,0.94812,0.42725,0.26342,0.6861,0.00070904,0.00070904,0.00070904
328,6790.58,0.40668,0.34409,0.92731,0.99748,0.98305,0.99343,0.94423,0.43672,0.27373,0.68667,0.00070508,0.00070508,0.00070508
329,6810.82,0.43096,0.32884,0.8837,0.99737,0.98305,0.99343,0.93968,0.42828,0.26731,0.68612,0.00070112,0.00070112,0.00070112
330,6830.67,0.38353,0.32003,0.8891,0.99719,0.98305,0.99319,0.9452,0.41682,0.26647,0.68821,0.00069716,0.00069716,0.00069716
331,6850.78,0.3838,0.31824,0.88004,0.99703,0.98305,0.99394,0.94167,0.4151,0.26136,0.69308,0.0006932,0.0006932,0.0006932
332,6871.63,0.39009,0.31358,0.90477,0.99734,0.98305,0.99381,0.9371,0.40778,0.26088,0.69536,0.00068924,0.00068924,0.00068924
333,6893.03,0.34464,0.32146,0.85226,0.99801,0.98305,0.99202,0.9391,0.36811,0.26219,0.69157,0.00068528,0.00068528,0.00068528
334,6913.1,0.45856,0.39228,0.89122,0.99842,0.98305,0.99027,0.93865,0.39988,0.26534,0.68777,0.00068132,0.00068132,0.00068132
335,6933.11,0.38063,0.30638,0.88715,0.99846,0.98305,0.98755,0.93738,0.41643,0.26488,0.68427,0.00067736,0.00067736,0.00067736
336,6955.27,0.3893,0.31164,0.87223,0.9985,0.98305,0.98763,0.93275,0.4238,0.26119,0.68207,0.0006734,0.0006734,0.0006734
337,6975.23,0.4736,0.36698,0.94872,0.99853,0.98305,0.98778,0.92395,0.4332,0.2651,0.68262,0.00066944,0.00066944,0.00066944
338,6995.81,0.40039,0.30178,0.90731,0.99773,0.98305,0.98992,0.94103,0.41405,0.26396,0.6857,0.00066548,0.00066548,0.00066548
339,7015.71,0.34753,0.28893,0.86409,0.9974,0.98305,0.9909,0.94147,0.40589,0.27015,0.68911,0.00066152,0.00066152,0.00066152
340,7036.06,0.34605,0.28844,0.85317,0.99645,0.98305,0.99128,0.93649,0.42857,0.29192,0.68829,0.00065756,0.00065756,0.00065756
341,7055.85,0.36855,0.28516,0.8797,0.99811,0.98305,0.9922,0.93868,0.44568,0.31891,0.68627,0.0006536,0.0006536,0.0006536
342,7075.61,0.40894,0.33668,0.88506,1,0.98292,0.99308,0.93792,0.4497,0.32872,0.68637,0.00064964,0.00064964,0.00064964
343,7096.96,0.40188,0.3164,0.87923,1,0.98157,0.99408,0.9442,0.43167,0.31981,0.69253,0.00064568,0.00064568,0.00064568
344,7116.49,0.34147,0.2849,0.83233,1,0.98233,0.99452,0.94835,0.40029,0.29958,0.69586,0.00064172,0.00064172,0.00064172
345,7138.5,0.39305,0.37503,0.87984,0.9996,0.98305,0.99452,0.95154,0.40514,0.28701,0.68993,0.00063776,0.00063776,0.00063776
346,7159.71,0.42459,0.34487,0.93532,0.99837,0.98305,0.99452,0.94793,0.41787,0.28623,0.68571,0.0006338,0.0006338,0.0006338
347,7179.41,0.37852,0.33904,0.87772,0.99621,0.98305,0.99437,0.94233,0.43209,0.28413,0.6837,0.00062984,0.00062984,0.00062984
348,7200.23,0.36967,0.30566,0.89376,0.96567,0.98305,0.993,0.94506,0.43653,0.28676,0.68332,0.00062588,0.00062588,0.00062588
349,7221.35,0.41234,0.31442,0.88561,0.98223,0.9322,0.98617,0.94156,0.41714,0.31144,0.68433,0.00062192,0.00062192,0.00062192
350,7241.09,0.40069,0.32398,0.83342,0.98497,0.9322,0.9876,0.94167,0.40683,0.32032,0.68657,0.00061796,0.00061796,0.00061796
351,7260.82,0.34685,0.31675,0.85969,0.98775,0.94915,0.99101,0.94122,0.39104,0.30907,0.69014,0.000614,0.000614,0.000614
352,7280.33,0.34327,0.30188,0.85191,0.96572,0.98305,0.9921,0.94309,0.38894,0.31455,0.69278,0.00061004,0.00061004,0.00061004
353,7299.73,0.40794,0.35181,0.9074,0.96666,0.98271,0.99222,0.94262,0.37877,0.30865,0.69567,0.00060608,0.00060608,0.00060608
354,7319.64,0.39053,0.30429,0.89917,0.96627,0.97129,0.99307,0.94411,0.39031,0.29325,0.69486,0.00060212,0.00060212,0.00060212
355,7339.64,0.37234,0.31627,0.86785,0.97184,0.9661,0.99279,0.94101,0.37634,0.28139,0.69598,0.00059816,0.00059816,0.00059816
356,7359.41,0.31797,0.29273,0.85679,0.97963,0.98305,0.9934,0.94761,0.35225,0.27231,0.69856,0.0005942,0.0005942,0.0005942
357,7379.91,0.45914,0.35604,0.92117,0.99763,0.98305,0.99437,0.94989,0.35887,0.25394,0.69806,0.00059024,0.00059024,0.00059024
358,7399.54,0.39806,0.29694,0.90573,0.9959,0.98305,0.99452,0.9518,0.37668,0.24456,0.69621,0.00058628,0.00058628,0.00058628
359,7421.51,0.3703,0.29624,0.86042,0.99841,0.98305,0.99483,0.94883,0.38589,0.24788,0.69337,0.00058232,0.00058232,0.00058232
360,7441.32,0.33897,0.32391,0.83713,0.99846,0.98305,0.99422,0.93547,0.38922,0.25023,0.69479,0.00057836,0.00057836,0.00057836
361,7460.65,0.39734,0.30287,0.90402,0.9986,0.98305,0.99422,0.95458,0.3675,0.23624,0.69812,0.0005744,0.0005744,0.0005744
362,7482.52,0.36033,0.30378,0.85726,0.99813,0.98305,0.99437,0.95439,0.34455,0.22772,0.69765,0.00057044,0.00057044,0.00057044
363,7501.9,0.36848,0.28445,0.84357,0.99453,0.98305,0.99452,0.95555,0.32449,0.22506,0.69639,0.00056648,0.00056648,0.00056648
364,7522.41,0.39835,0.31465,0.88656,0.99233,0.98305,0.99452,0.95246,0.31495,0.23005,0.70084,0.00056252,0.00056252,0.00056252
365,7541.98,0.35902,0.29397,0.86436,0.99745,0.98305,0.99437,0.95443,0.30884,0.2387,0.70153,0.00055856,0.00055856,0.00055856
366,7562.33,0.39888,0.30621,0.90143,0.99826,0.98305,0.99452,0.9592,0.30769,0.24492,0.69929,0.0005546,0.0005546,0.0005546
367,7582.62,0.39256,0.30665,0.90273,0.99781,0.98305,0.99437,0.95335,0.31397,0.25506,0.69849,0.00055064,0.00055064,0.00055064
368,7602.66,0.32912,0.27895,0.84962,0.99579,0.98305,0.99467,0.95901,0.34341,0.28227,0.69277,0.00054668,0.00054668,0.00054668
369,7625.53,0.38733,0.33368,0.89073,0.99672,0.98305,0.99467,0.95572,0.35277,0.29169,0.68816,0.00054272,0.00054272,0.00054272
370,7645.84,0.36605,0.29568,0.83663,1,0.99767,0.995,0.95546,0.35102,0.30497,0.68582,0.00053876,0.00053876,0.00053876
371,7666.5,0.40931,0.32779,0.89594,1,0.99845,0.995,0.95596,0.35138,0.30654,0.68778,0.0005348,0.0005348,0.0005348
372,7686.96,0.33711,0.27507,0.84374,1,0.99861,0.995,0.95388,0.36452,0.30183,0.69022,0.00053084,0.00053084,0.00053084
373,7706.77,0.40896,0.29825,0.87484,1,0.9986,0.995,0.95666,0.34862,0.28496,0.69337,0.00052688,0.00052688,0.00052688
374,7726.65,0.44357,0.31107,0.91676,1,0.9987,0.995,0.96235,0.32002,0.26868,0.69409,0.00052292,0.00052292,0.00052292
375,7747.63,0.35872,0.2926,0.88966,1,0.99871,0.995,0.96374,0.34672,0.26552,0.68881,0.00051896,0.00051896,0.00051896
376,7768.53,0.35718,0.28399,0.83892,1,0.99857,0.995,0.95777,0.38284,0.26191,0.68179,0.000515,0.000515,0.000515
377,7788.89,0.32722,0.30826,0.82284,1,0.99843,0.995,0.94616,0.40306,0.26046,0.68095,0.00051104,0.00051104,0.00051104
378,7808.78,0.3332,0.27229,0.84866,0.99859,0.98305,0.99483,0.94342,0.42156,0.25406,0.68277,0.00050708,0.00050708,0.00050708
379,7828.16,0.36504,0.2904,0.88115,0.99858,0.98305,0.99452,0.93985,0.4248,0.25321,0.68488,0.00050312,0.00050312,0.00050312
380,7848.13,0.33627,0.27244,0.86486,0.99853,0.98305,0.99452,0.94693,0.41085,0.25092,0.68471,0.00049916,0.00049916,0.00049916
381,7867.88,0.41004,0.44202,0.85944,0.99824,0.98305,0.99452,0.95003,0.39473,0.27327,0.68015,0.0004952,0.0004952,0.0004952
382,7889.02,0.39121,0.30558,0.89158,0.99795,0.98305,0.99452,0.95269,0.37533,0.29612,0.68307,0.00049124,0.00049124,0.00049124
383,7908.54,0.39073,0.29595,0.87453,0.99802,0.98305,0.99437,0.95654,0.33479,0.2965,0.68875,0.00048728,0.00048728,0.00048728
384,7928.23,0.39205,0.30123,0.85192,0.998,0.98305,0.99437,0.95264,0.31846,0.292,0.69158,0.00048332,0.00048332,0.00048332
385,7947.97,0.36754,0.36893,0.88809,0.99809,0.98305,0.99437,0.95563,0.32098,0.28842,0.68863,0.00047936,0.00047936,0.00047936
386,7968.5,0.38017,0.28333,0.8942,0.99845,0.98305,0.99437,0.9639,0.32141,0.27981,0.68301,0.0004754,0.0004754,0.0004754
387,7989.73,0.34653,0.2821,0.84513,0.99841,0.98305,0.99437,0.96225,0.32684,0.26609,0.68207,0.00047144,0.00047144,0.00047144
388,8009.93,0.34107,0.27135,0.84352,0.99843,0.98305,0.99437,0.96554,0.31339,0.24657,0.68551,0.00046748,0.00046748,0.00046748
389,8030.5,0.398,0.33262,0.88872,0.99801,0.98305,0.99437,0.96845,0.29953,0.23186,0.68814,0.00046352,0.00046352,0.00046352
390,8051.84,0.30094,0.24889,0.83686,0.9981,0.98305,0.99368,0.9701,0.29143,0.23038,0.68822,0.00045956,0.00045956,0.00045956
391,8072.62,0.38054,0.36807,0.82721,0.99881,0.98305,0.99381,0.96542,0.2777,0.22612,0.68975,0.0004556,0.0004556,0.0004556
392,8092.91,0.35354,0.31908,0.86681,1,0.98127,0.99237,0.96288,0.31083,0.23314,0.68827,0.00045164,0.00045164,0.00045164
393,8114.38,0.32104,0.29416,0.87671,1,0.98167,0.99237,0.96266,0.31737,0.23892,0.68616,0.00044768,0.00044768,0.00044768
394,8134.78,0.3809,0.30256,0.89048,1,0.98135,0.99256,0.96238,0.32164,0.23568,0.68369,0.00044372,0.00044372,0.00044372
395,8154.87,0.33781,0.29971,0.85178,1,0.98173,0.99297,0.96237,0.32161,0.23099,0.68176,0.00043976,0.00043976,0.00043976
396,8174.63,0.3566,0.2877,0.86973,1,0.9809,0.99355,0.96625,0.32676,0.23226,0.67962,0.0004358,0.0004358,0.0004358
397,8195.01,0.35671,0.28908,0.87399,0.98299,0.97934,0.9936,0.96238,0.34621,0.24624,0.67925,0.00043184,0.00043184,0.00043184
398,8215.28,0.33845,0.29998,0.85231,0.98254,0.9661,0.99327,0.95697,0.3478,0.2554,0.67736,0.00042788,0.00042788,0.00042788
399,8235.11,0.32448,0.28655,0.87173,0.99598,0.9661,0.99327,0.95613,0.35054,0.25376,0.67621,0.00042392,0.00042392,0.00042392
400,8254.89,0.30694,0.27069,0.84323,0.99704,0.9661,0.99334,0.95678,0.3496,0.25081,0.67737,0.00041996,0.00041996,0.00041996
401,8274.57,0.36825,0.27127,0.87624,0.99699,0.9661,0.9936,0.95786,0.33576,0.2497,0.68034,0.000416,0.000416,0.000416
402,8294.41,0.35104,0.27567,0.87311,0.98013,0.98305,0.99388,0.96173,0.34825,0.25487,0.67945,0.00041204,0.00041204,0.00041204
403,8313.76,0.32102,0.27071,0.83781,1,0.98057,0.99437,0.95843,0.34345,0.25441,0.68065,0.00040808,0.00040808,0.00040808
404,8458.43,0.37595,0.3066,0.89771,1,0.98116,0.99452,0.96103,0.32446,0.24783,0.68155,0.00040412,0.00040412,0.00040412
405,8478.19,0.32617,0.27215,0.87604,1,0.98196,0.99467,0.96381,0.30521,0.2369,0.68264,0.00040016,0.00040016,0.00040016
406,8497.95,0.32177,0.2888,0.86669,0.99992,0.98305,0.99467,0.97086,0.30116,0.23233,0.68323,0.0003962,0.0003962,0.0003962
407,8518.54,0.28334,0.25243,0.82915,0.99986,0.98305,0.99483,0.96832,0.31138,0.22926,0.68306,0.00039224,0.00039224,0.00039224
408,8538.45,0.31349,0.27031,0.87001,0.99976,0.98305,0.99483,0.9687,0.32488,0.22509,0.6816,0.00038828,0.00038828,0.00038828
409,8558.14,0.40585,0.31927,0.89406,0.99989,0.98305,0.99483,0.967,0.32749,0.22525,0.68134,0.00038432,0.00038432,0.00038432
410,8578.1,0.31634,0.2745,0.8588,0.99994,0.98305,0.99483,0.9694,0.32095,0.22649,0.6818,0.00038036,0.00038036,0.00038036
411,8597.65,0.34599,0.26562,0.87632,1,0.98288,0.99467,0.96633,0.31679,0.22729,0.68189,0.0003764,0.0003764,0.0003764
412,8617.02,0.33058,0.27715,0.87417,1,0.98269,0.99467,0.96804,0.31562,0.23255,0.68214,0.00037244,0.00037244,0.00037244
413,8637.01,0.29265,0.24772,0.85479,1,0.98289,0.99452,0.96366,0.32842,0.24095,0.67832,0.00036848,0.00036848,0.00036848
414,8656.57,0.38918,0.30999,0.89414,0.99901,0.98305,0.99467,0.96171,0.33228,0.25424,0.6778,0.00036452,0.00036452,0.00036452
415,8676.07,0.35165,0.27449,0.87764,0.99845,0.98305,0.99467,0.96298,0.33756,0.27791,0.67795,0.00036056,0.00036056,0.00036056
416,8696.53,0.33822,0.27972,0.88267,0.99811,0.98305,0.99467,0.96263,0.33795,0.28689,0.67704,0.0003566,0.0003566,0.0003566
417,8715.62,0.34798,0.29257,0.86233,0.99815,0.98305,0.99437,0.96035,0.34067,0.30994,0.67491,0.00035264,0.00035264,0.00035264
418,8735.27,0.30731,0.28801,0.85831,0.99809,0.98305,0.99437,0.95683,0.35315,0.32974,0.6736,0.00034868,0.00034868,0.00034868
419,8754.94,0.28604,0.2603,0.8522,0.99706,0.98305,0.99437,0.95584,0.35364,0.3325,0.67405,0.00034472,0.00034472,0.00034472
420,8775.41,0.33171,0.28325,0.83781,0.99553,0.98305,0.99437,0.95908,0.34404,0.31443,0.67513,0.00034076,0.00034076,0.00034076
421,8794.83,0.28423,0.26255,0.82339,0.99388,0.98305,0.99437,0.95297,0.33838,0.30016,0.67773,0.0003368,0.0003368,0.0003368
422,8814.49,0.33669,0.29439,0.86808,0.99584,0.98305,0.99437,0.95647,0.33326,0.27143,0.68051,0.00033284,0.00033284,0.00033284
423,8833.9,0.34046,0.28429,0.90413,0.99733,0.98305,0.99437,0.96046,0.32143,0.2538,0.68106,0.00032888,0.00032888,0.00032888
424,8853.69,0.32368,0.2568,0.88945,0.99853,0.98305,0.99408,0.96308,0.29284,0.22997,0.68089,0.00032492,0.00032492,0.00032492
425,8874.08,0.3832,0.30839,0.87693,0.99833,0.98305,0.99394,0.964,0.28982,0.21778,0.68137,0.00032096,0.00032096,0.00032096
426,8893.47,0.30754,0.24509,0.83878,0.99848,0.98305,0.99381,0.96424,0.2773,0.21076,0.68381,0.000317,0.000317,0.000317
427,8913.26,0.33365,0.29556,0.8568,0.99868,0.98305,0.99368,0.96606,0.25869,0.20823,0.68636,0.00031304,0.00031304,0.00031304
428,8932.84,0.34677,0.28039,0.88138,0.9988,0.98305,0.99381,0.97109,0.25392,0.20602,0.68686,0.00030908,0.00030908,0.00030908
429,8955.22,0.35338,0.32184,0.86889,0.99885,0.98305,0.99394,0.97305,0.24813,0.20671,0.68749,0.00030512,0.00030512,0.00030512
430,8976.05,0.30574,0.28128,0.86161,0.99879,0.98305,0.99422,0.97398,0.26636,0.21312,0.68556,0.00030116,0.00030116,0.00030116
431,8996.47,0.29168,0.25813,0.81736,0.99869,0.98305,0.99422,0.972,0.27382,0.21858,0.68378,0.0002972,0.0002972,0.0002972
432,9015.85,0.30311,0.25407,0.83915,0.99858,0.98305,0.99437,0.97499,0.26426,0.22379,0.68386,0.00029324,0.00029324,0.00029324
433,9036.1,0.3291,0.25052,0.85312,0.99841,0.98305,0.99437,0.97191,0.27065,0.23421,0.68298,0.00028928,0.00028928,0.00028928
434,9055.68,0.27494,0.24267,0.85428,0.99824,0.98305,0.99437,0.97517,0.28936,0.25142,0.67859,0.00028532,0.00028532,0.00028532
435,9076.15,0.29373,0.25384,0.87486,0.9982,0.98305,0.99437,0.9733,0.29797,0.25707,0.67801,0.00028136,0.00028136,0.00028136
436,9095.81,0.30663,0.26904,0.82857,0.99824,0.98305,0.99437,0.97328,0.30308,0.2544,0.67826,0.0002774,0.0002774,0.0002774
437,9115.81,0.29868,0.27937,0.83801,0.99836,0.98305,0.99437,0.96978,0.29778,0.24108,0.67833,0.00027344,0.00027344,0.00027344
438,9135.68,0.28275,0.24523,0.84379,0.99844,0.98305,0.99437,0.97164,0.29394,0.23426,0.67689,0.00026948,0.00026948,0.00026948
439,9155.59,0.25882,0.22649,0.84698,0.99847,0.98305,0.99452,0.97266,0.28645,0.2281,0.67686,0.00026552,0.00026552,0.00026552
440,9174.89,0.30209,0.26193,0.85064,0.99854,0.98305,0.99452,0.97263,0.27703,0.23077,0.6791,0.00026156,0.00026156,0.00026156
441,9194.44,0.32058,0.26221,0.88287,0.99857,0.98305,0.99452,0.97004,0.27986,0.22824,0.67804,0.0002576,0.0002576,0.0002576
442,9216.76,0.27293,0.24737,0.82593,0.99855,0.98305,0.99467,0.96996,0.2848,0.22683,0.67797,0.00025364,0.00025364,0.00025364
443,9237.2,0.38071,0.27915,0.92159,0.99855,0.98305,0.99437,0.96974,0.29065,0.23014,0.67899,0.00024968,0.00024968,0.00024968
444,9256.51,0.26684,0.26397,0.83877,0.9985,0.98305,0.99437,0.96759,0.30268,0.23505,0.67831,0.00024572,0.00024572,0.00024572
445,9276.72,0.28448,0.24814,0.83255,0.99829,0.98305,0.99452,0.96493,0.31606,0.23914,0.67421,0.00024176,0.00024176,0.00024176
446,9296.72,0.28577,0.25477,0.85017,0.9983,0.98305,0.99437,0.9654,0.30889,0.2335,0.67254,0.0002378,0.0002378,0.0002378
447,9316.24,0.28922,0.24969,0.85504,0.9981,0.98305,0.99437,0.96627,0.31014,0.22721,0.67051,0.00023384,0.00023384,0.00023384
448,9335.64,0.26726,0.23875,0.83452,0.99785,0.98305,0.99437,0.96371,0.31369,0.21903,0.66951,0.00022988,0.00022988,0.00022988
449,9356.34,0.25753,0.22185,0.84296,0.99791,0.98305,0.99437,0.96282,0.31073,0.21421,0.67072,0.00022592,0.00022592,0.00022592
450,9376.19,0.33455,0.27514,0.88681,0.99817,0.98305,0.99437,0.96751,0.2818,0.20313,0.67521,0.00022196,0.00022196,0.00022196
451,9395.79,0.29365,0.23856,0.85487,0.99827,0.98305,0.99437,0.96933,0.26577,0.19448,0.6772,0.000218,0.000218,0.000218
452,9415.32,0.27113,0.23806,0.84039,0.9984,0.98305,0.99437,0.97041,0.24964,0.18683,0.67929,0.00021404,0.00021404,0.00021404
453,9434.45,0.2659,0.22441,0.82861,0.99839,0.98305,0.99437,0.96956,0.23868,0.1832,0.68022,0.00021008,0.00021008,0.00021008
454,9453.98,0.29775,0.26676,0.86781,0.99846,0.98305,0.99437,0.97133,0.234,0.18093,0.67995,0.00020612,0.00020612,0.00020612
455,9473.41,0.30592,0.25477,0.83581,0.99849,0.98305,0.99422,0.96905,0.24026,0.17996,0.67853,0.00020216,0.00020216,0.00020216
456,9492.8,0.30061,0.25647,0.85534,0.99859,0.98305,0.99422,0.96838,0.27389,0.18598,0.67409,0.0001982,0.0001982,0.0001982
457,9512.73,0.27976,0.23566,0.87688,0.99866,0.98305,0.99422,0.96698,0.28644,0.18909,0.67336,0.00019424,0.00019424,0.00019424
458,9532.57,0.30497,0.24762,0.86674,0.99869,0.98305,0.99437,0.96793,0.28869,0.18925,0.67393,0.00019028,0.00019028,0.00019028
459,9552.33,0.27762,0.27694,0.81717,0.99871,0.98305,0.99437,0.96857,0.28695,0.18834,0.6748,0.00018632,0.00018632,0.00018632
460,9571.64,0.26185,0.23912,0.83003,0.99875,0.98305,0.99437,0.96907,0.28736,0.18763,0.67552,0.00018236,0.00018236,0.00018236
461,9590.64,0.26383,0.2282,0.83822,0.99871,0.98305,0.99437,0.96913,0.28559,0.19287,0.67622,0.0001784,0.0001784,0.0001784
462,9610.97,0.26843,0.24413,0.84906,0.99873,0.98305,0.99437,0.96925,0.28627,0.19439,0.67562,0.00017444,0.00017444,0.00017444
463,9631.44,0.27736,0.2332,0.84689,0.99866,0.98305,0.99437,0.97059,0.28294,0.19623,0.67511,0.00017048,0.00017048,0.00017048
464,9652.08,0.23642,0.21987,0.82963,0.9987,0.98305,0.99437,0.9711,0.27325,0.19349,0.67564,0.00016652,0.00016652,0.00016652
465,9671.55,0.23139,0.22611,0.82693,0.99869,0.98305,0.99437,0.97474,0.26405,0.19256,0.67612,0.00016256,0.00016256,0.00016256
466,9692.2,0.25956,0.22449,0.84317,0.99867,0.98305,0.99437,0.97472,0.24442,0.18159,0.67867,0.0001586,0.0001586,0.0001586
467,9712.25,0.30164,0.23261,0.84476,0.99857,0.98305,0.99437,0.97359,0.23986,0.18231,0.67978,0.00015464,0.00015464,0.00015464
468,9731.63,0.32299,0.244,0.85493,0.99856,0.98305,0.99452,0.97756,0.23494,0.18275,0.68068,0.00015068,0.00015068,0.00015068
469,9751.82,0.26844,0.22883,0.84223,0.99857,0.98305,0.99452,0.97665,0.23426,0.18508,0.68108,0.00014672,0.00014672,0.00014672
470,9771.22,0.25931,0.23723,0.81656,0.99866,0.98305,0.99452,0.9726,0.2411,0.18747,0.67957,0.00014276,0.00014276,0.00014276
471,9790.58,0.27252,0.23944,0.84949,0.99865,0.98305,0.99467,0.9739,0.24923,0.1926,0.6791,0.0001388,0.0001388,0.0001388
472,9811.48,0.25405,0.22248,0.82927,0.99868,0.98305,0.99467,0.97253,0.25102,0.19011,0.67818,0.00013484,0.00013484,0.00013484
473,9831.09,0.2943,0.24461,0.8618,0.99864,0.98305,0.99467,0.97176,0.24332,0.18416,0.6779,0.00013088,0.00013088,0.00013088
474,9851.57,0.27961,0.2364,0.85628,0.99859,0.98305,0.99467,0.97293,0.24031,0.18129,0.67767,0.00012692,0.00012692,0.00012692
475,9871.02,0.24884,0.23367,0.80944,0.99859,0.98305,0.99467,0.97437,0.24991,0.18305,0.67534,0.00012296,0.00012296,0.00012296
476,9890.69,0.2465,0.21786,0.81966,0.9985,0.98305,0.99467,0.97055,0.25521,0.18237,0.67392,0.000119,0.000119,0.000119
477,9909.88,0.22489,0.21861,0.8278,0.99838,0.98305,0.99467,0.97242,0.262,0.18406,0.67241,0.00011504,0.00011504,0.00011504
478,9929.76,0.28767,0.23489,0.84143,0.99832,0.98305,0.99467,0.97369,0.2666,0.18551,0.6718,0.00011108,0.00011108,0.00011108
479,9949.67,0.2956,0.24462,0.85251,0.99829,0.98305,0.99467,0.97525,0.26972,0.18732,0.67171,0.00010712,0.00010712,0.00010712
480,9969.89,0.26015,0.21941,0.82152,0.99827,0.98305,0.99467,0.97527,0.27051,0.18856,0.67089,0.00010316,0.00010316,0.00010316
481,9990.3,0.24505,0.22535,0.80086,0.99826,0.98305,0.99467,0.97351,0.27097,0.18777,0.67128,9.92e-05,9.92e-05,9.92e-05
482,10010.1,0.33717,0.51175,0.79909,0.99849,0.98305,0.99467,0.97527,0.26543,0.18288,0.67254,9.524e-05,9.524e-05,9.524e-05
483,10029.8,0.22388,0.20403,0.81096,0.9986,0.98305,0.99483,0.97534,0.26369,0.18205,0.67236,9.128e-05,9.128e-05,9.128e-05
484,10049.6,0.28601,0.24061,0.86704,0.99865,0.98305,0.99467,0.97206,0.26244,0.18228,0.67257,8.732e-05,8.732e-05,8.732e-05
485,10068.6,0.30651,0.26367,0.87762,0.99872,0.98305,0.99467,0.96961,0.26272,0.17947,0.67267,8.336e-05,8.336e-05,8.336e-05
486,10088.3,0.25491,0.22117,0.84053,0.99872,0.98305,0.99467,0.96961,0.26239,0.17809,0.67239,7.94e-05,7.94e-05,7.94e-05
487,10108.8,0.29042,0.2713,0.86157,0.99868,0.98305,0.99467,0.96961,0.26357,0.17934,0.67223,7.544e-05,7.544e-05,7.544e-05
488,10129.3,0.24888,0.23847,0.80091,0.99865,0.98305,0.99467,0.9697,0.26891,0.18073,0.67163,7.148e-05,7.148e-05,7.148e-05
489,10149.1,0.25687,0.22791,0.83446,0.99868,0.98305,0.99467,0.97021,0.27226,0.18183,0.67129,6.752e-05,6.752e-05,6.752e-05
490,10168.6,0.27211,0.24505,0.85669,0.99862,0.98305,0.99467,0.97021,0.27705,0.18425,0.66991,6.356e-05,6.356e-05,6.356e-05
491,10188.4,0.18724,0.18454,0.73577,0.99859,0.98305,0.99467,0.97084,0.28002,0.18651,0.66878,5.96e-05,5.96e-05,5.96e-05
492,10207.7,0.21513,0.19353,0.80235,0.99856,0.98305,0.99452,0.96689,0.28604,0.18969,0.6684,5.564e-05,5.564e-05,5.564e-05
493,10228.6,0.18246,0.18561,0.79736,0.99833,0.98305,0.99437,0.96553,0.29195,0.1965,0.66718,5.168e-05,5.168e-05,5.168e-05
494,10248.5,0.21528,0.19167,0.81106,0.99819,0.98305,0.99437,0.96486,0.29187,0.19778,0.66724,4.772e-05,4.772e-05,4.772e-05
495,10268.4,0.20769,0.17453,0.77001,0.99814,0.98305,0.99437,0.9672,0.29048,0.19783,0.66747,4.376e-05,4.376e-05,4.376e-05
496,10564,0.22655,0.20725,0.79895,0.9982,0.98305,0.99437,0.96759,0.29072,0.19823,0.66691,3.98e-05,3.98e-05,3.98e-05
497,10583.5,0.19986,0.19178,0.77241,0.99826,0.98305,0.99437,0.9652,0.29073,0.19633,0.66702,3.584e-05,3.584e-05,3.584e-05
498,10602.6,0.19285,0.17121,0.74148,0.99836,0.98305,0.99437,0.96634,0.28914,0.19566,0.66699,3.188e-05,3.188e-05,3.188e-05
499,10622.3,0.20069,0.18661,0.81091,0.99846,0.98305,0.99437,0.96662,0.28658,0.19396,0.66719,2.792e-05,2.792e-05,2.792e-05
500,10641.6,0.19496,0.18864,0.79038,0.99847,0.98305,0.99437,0.96676,0.28569,0.19151,0.66736,2.396e-05,2.396e-05,2.396e-05
